,iteration,num_vars,score,improve_percent,new_var
0,0,1,0.2990103544247127,4.980207088494254,id
1,0,2,0.41132907418072484,0.37563488385581206,SWIMMING_B._COUNT_IN_RADIO_1km
2,0,3,0.5939106037453268,0.44388189657700067,bathrooms
3,0,4,0.7121125193489589,0.19902307663514623,sqft_above
4,0,5,0.7443205366093486,0.04522883165968703,PUBLIC_RES._COUNT_IN_RADIO_1km
5,0,6,0.7392772397050366,-0.006775705702392817,BASKETBALL._COUNT_IN_RADIO_0.3km
6,0,7,0.7442940123555436,0.00678605045721234,GOLF_COURS._COUNT_IN_RADIO_0.3km
7,0,8,0.752268644213656,0.010714357130019479,GOLF_COURS._COUNT_IN_RADIO_1km
8,0,9,0.7790377658584926,0.0355845240270758,CULTURAL_S._COUNT_IN_RADIO_1km
9,0,10,0.8174027856060697,0.04924667510220022,sqft_living15
10,0,11,0.8172444440613184,-0.00019371299870718918,floors
11,0,12,0.821390215737761,0.005072866149863528,PICNIC_SIT._COUNT_IN_RADIO_1km
12,0,13,0.8231650244772266,0.002160737619538666,PLAY_AREAS._COUNT_IN_RADIO_1km
13,0,14,0.8214909212480864,-0.0020337395046678207,grade
14,0,15,0.8187259683634851,-0.003365774122494923,PUBLIC_ART._COUNT_IN_RADIO_1km
15,0,16,0.8175904669013271,-0.001386912722980707,PICNIC_TAB._COUNT_IN_RADIO_0.3km
16,0,17,0.8144482452392247,-0.0038432709153415996,WADING_POO._COUNT_IN_RADIO_0.3km
17,0,18,0.8194797954513025,0.006177863653693425,PICNIC_SIT._COUNT_IN_RADIO_0.3km
18,0,19,0.8201599270252787,0.0008299552688809402,PARKS_WITH.name_COUNT_IN_RADIO_0.3km
19,0,20,0.8636696966811555,0.05305034813598698,waterfront
20,0,21,0.8572033937554138,-0.007487009154761253,Unnamed: 0
21,0,22,0.8579086150755286,0.000822700102743735,PARKS_WITH.name_COUNT_IN_RADIO_1km
22,0,23,0.8482477467791654,-0.011260952654628294,SWIMMING_B._COUNT_IN_RADIO_0.3km
23,0,24,0.8590337490175195,0.012715627338014235,PUBLIC_ART._COUNT_IN_RADIO_0.3km
24,0,25,0.8531030393619927,-0.006903930913435887,view
25,0,26,0.868834802372228,0.018440636458171015,PLAY_AREAS._COUNT_IN_RADIO_0.3km
26,0,27,0.8664203105320389,-0.002778999912983028,BASKETBALL._COUNT_IN_RADIO_1km
27,0,28,0.872693234104957,0.007240046772525567,sqft_lot15
28,0,29,0.8638230805548716,-0.010164114036225785,bedrooms
29,0,30,0.863362488977285,-0.0005332012861832097,CULTURAL_S._COUNT_IN_RADIO_0.3km
30,0,31,0.8589546820156069,-0.005105395494885873,yr_built
31,0,32,0.8727703632614525,0.01608429587161226,PICNIC_TAB._COUNT_IN_RADIO_1km
32,0,33,0.8972769694396429,0.028079099852350263,sqft_living
33,0,34,0.8996656057429345,0.0026620947429235736,PUBLIC_RES._COUNT_IN_RADIO_0.3km
34,0,35,0.8983841134175412,-0.0014244095997590965,sqft_basement
35,0,36,0.9020965626110855,0.004132362914813551,WADING_POO._COUNT_IN_RADIO_1km
36,0,37,0.9022603748282736,0.00018159055690661073,WATER_FOUN._COUNT_IN_RADIO_0.3km
37,0,38,0.9001668315243571,-0.0023203316496249724,yr_renovated
38,0,39,0.9066196574040166,0.007168477723992833,sqft_lot
39,0,40,0.9045540045038223,-0.0022784117720423755,PARKS_WITH._COUNT_IN_RADIO_0.3km
40,0,41,0.9058393987050052,0.0014210253835402343,PARKS_WITH._COUNT_IN_RADIO_1km
41,0,42,0.9089618946656775,0.003447074575400684,FOOTBALL_F._COUNT_IN_RADIO_1km
42,0,43,0.9005434404207735,-0.009261614039387555,FOOTBALL_F._COUNT_IN_RADIO_0.3km
43,0,44,0.9039878649874133,0.00382482888891008,condition
44,0,45,0.9045221564737408,0.0005910383391428402,WATER_FOUN._COUNT_IN_RADIO_1km
45,1,1,0.067006536347473,0.34013072694945995,PUBLIC_RES._COUNT_IN_RADIO_1km
46,1,2,0.23169836556536738,2.457847222006206,FOOTBALL_F._COUNT_IN_RADIO_1km
47,1,3,0.31081422236445977,0.3414605735609818,PLAY_AREAS._COUNT_IN_RADIO_1km
48,1,4,0.30994523785099737,-0.002795832529321751,yr_built
49,1,5,0.6813760169819418,1.198375499189007,sqft_above
50,1,6,0.702232066893304,0.03060872321826214,PUBLIC_RES._COUNT_IN_RADIO_0.3km
51,1,7,0.7005541260022695,-0.0023894392895751956,WATER_FOUN._COUNT_IN_RADIO_0.3km
52,1,8,0.7211186074374404,0.029354593273931053,PARKS_WITH._COUNT_IN_RADIO_1km
53,1,9,0.7136829341955,-0.010311304084030947,BASKETBALL._COUNT_IN_RADIO_0.3km
54,1,10,0.7770039453572246,0.08872428935561323,grade
55,1,11,0.7991467375808259,0.028497657387596926,sqft_lot
56,1,12,0.7949122163570277,-0.005298803116705351,GOLF_COURS._COUNT_IN_RADIO_1km
57,1,13,0.8188861102937045,0.030159171595759142,sqft_living
58,1,14,0.8317741777759979,0.015738534724530805,id
59,1,15,0.866427426170276,0.04166184683315622,waterfront
60,1,16,0.8730046908090631,0.007591247045190422,WADING_POO._COUNT_IN_RADIO_0.3km
61,1,17,0.8739199516283298,0.0010484030943963367,WADING_POO._COUNT_IN_RADIO_1km
62,1,18,0.8763906428780852,0.0028271367934235817,sqft_lot15
63,1,19,0.8730503983799874,-0.0038113648579454758,Unnamed: 0
64,1,20,0.8776162740817964,0.005229796252634822,PICNIC_SIT._COUNT_IN_RADIO_0.3km
65,1,21,0.8751714128274551,-0.0027857975365135745,sqft_basement
66,1,22,0.8803957747545077,0.0059695299120591456,sqft_living15
67,1,23,0.8796770124384612,-0.000816408184429245,SWIMMING_B._COUNT_IN_RADIO_0.3km
68,1,24,0.886023809319401,0.007214917283499836,PICNIC_TAB._COUNT_IN_RADIO_0.3km
69,1,25,0.8895992713240879,0.004035401720675472,WATER_FOUN._COUNT_IN_RADIO_1km
70,1,26,0.889844953934422,0.00027617222524070823,condition
71,1,27,0.8885927734058847,-0.0014071895592606145,yr_renovated
72,1,28,0.890496529899445,0.0021424397660397745,PUBLIC_ART._COUNT_IN_RADIO_1km
73,1,29,0.8931335575091612,0.0029613002647118163,BASKETBALL._COUNT_IN_RADIO_1km
74,1,30,0.9005544381086811,0.008308813992182487,view
75,1,31,0.9010852409045038,0.0005894177779385718,PICNIC_SIT._COUNT_IN_RADIO_1km
76,1,32,0.9038045321622528,0.0030177958025584106,PARKS_WITH.name_COUNT_IN_RADIO_1km
77,1,33,0.902446606575871,-0.001502454942478687,FOOTBALL_F._COUNT_IN_RADIO_0.3km
78,1,34,0.8981618038415894,-0.004747984759496486,SWIMMING_B._COUNT_IN_RADIO_1km
79,1,35,0.9096349811441272,0.012774065044254962,CULTURAL_S._COUNT_IN_RADIO_1km
80,1,36,0.9073086628284921,-0.0025574195846218553,GOLF_COURS._COUNT_IN_RADIO_0.3km
81,1,37,0.9126282122823771,0.005862998637422434,PICNIC_TAB._COUNT_IN_RADIO_1km
82,1,38,0.9075188315863241,-0.0055985346796096494,floors
83,1,39,0.9099562670093451,0.0026858235203344578,bedrooms
84,1,40,0.9139499584144731,0.004388882795712477,PARKS_WITH._COUNT_IN_RADIO_0.3km
85,1,41,0.9101423193929663,-0.0041661351220064,PLAY_AREAS._COUNT_IN_RADIO_0.3km
86,1,42,0.910428561229119,0.00031450228173499393,PARKS_WITH.name_COUNT_IN_RADIO_0.3km
87,1,43,0.9065159305769797,-0.00429757019799235,bathrooms
88,1,44,0.9096384166695701,0.003444491141598658,PUBLIC_ART._COUNT_IN_RADIO_0.3km
89,1,45,0.9050914652085478,-0.00499863613683991,CULTURAL_S._COUNT_IN_RADIO_0.3km
90,2,1,0.0852083970266494,0.7041679405329878,WATER_FOUN._COUNT_IN_RADIO_1km
91,2,2,0.18185435547555595,1.1342304493614637,floors
92,2,3,0.30662099001030774,0.6860799908172799,PARKS_WITH._COUNT_IN_RADIO_1km
93,2,4,0.5016242226025384,0.6359748319437465,CULTURAL_S._COUNT_IN_RADIO_1km
94,2,5,0.49316965305997895,-0.01685438852752209,yr_renovated
95,2,6,0.7566034229846602,0.5341645989167193,sqft_above
96,2,7,0.7519062680302729,-0.006208212666892078,FOOTBALL_F._COUNT_IN_RADIO_0.3km
97,2,8,0.7625505959142695,0.014156455846392878,PICNIC_TAB._COUNT_IN_RADIO_1km
98,2,9,0.765456458340801,0.0038107142556848155,PICNIC_SIT._COUNT_IN_RADIO_1km
99,2,10,0.7998820825700895,0.04497398102030428,sqft_living15
100,2,11,0.8215369385384362,0.027072560368858127,CULTURAL_S._COUNT_IN_RADIO_0.3km
101,2,12,0.8245833803558507,0.0037082225698021913,PLAY_AREAS._COUNT_IN_RADIO_0.3km
102,2,13,0.828170329105112,0.00435001339429543,PARKS_WITH.name_COUNT_IN_RADIO_1km
103,2,14,0.8183706741900165,-0.011832897860135376,sqft_lot15
104,2,15,0.8179720254583486,-0.00048712489858280053,yr_built
105,2,16,0.8489953918592239,0.037927172855931675,sqft_living
106,2,17,0.8582007727937261,0.010842674792784474,PUBLIC_RES._COUNT_IN_RADIO_1km
107,2,18,0.8563866247913773,-0.002113896957285594,id
108,2,19,0.8600146772114075,0.004236465534377061,PUBLIC_RES._COUNT_IN_RADIO_0.3km
109,2,20,0.8854795404533599,0.029609800758891785,waterfront
110,2,21,0.8825395558844898,-0.00332021739018923,bedrooms
111,2,22,0.872749894966141,-0.011092602992211018,SWIMMING_B._COUNT_IN_RADIO_1km
112,2,23,0.8717233310905614,-0.0011762406177308793,PICNIC_TAB._COUNT_IN_RADIO_0.3km
113,2,24,0.8711527654508542,-0.0006545260627514164,WADING_POO._COUNT_IN_RADIO_1km
114,2,25,0.8819319904471635,0.01237351865689216,bathrooms
115,2,26,0.8793493081467547,-0.0029284370318615176,condition
116,2,27,0.8809863384820229,0.0018616382819681273,PARKS_WITH.name_COUNT_IN_RADIO_0.3km
117,2,28,0.8788122798055203,-0.002467755266498855,WADING_POO._COUNT_IN_RADIO_0.3km
118,2,29,0.8754420065115188,-0.0038350320898421675,PUBLIC_ART._COUNT_IN_RADIO_0.3km
119,2,30,0.878762984861353,0.0037934875470137033,SWIMMING_B._COUNT_IN_RADIO_0.3km
120,2,31,0.8882502625270646,0.010796173517946397,PLAY_AREAS._COUNT_IN_RADIO_1km
121,2,32,0.8824971418892497,-0.006476914086630706,PUBLIC_ART._COUNT_IN_RADIO_1km
122,2,33,0.8843517138210233,0.0021015047457302385,sqft_basement
123,2,34,0.8869422140560554,0.002929264674389975,FOOTBALL_F._COUNT_IN_RADIO_1km
124,2,35,0.8873863439744135,0.0005007427894620452,PICNIC_SIT._COUNT_IN_RADIO_0.3km
125,2,36,0.8868357030952806,-0.0006205198929101406,GOLF_COURS._COUNT_IN_RADIO_1km
126,2,37,0.8953757310761878,0.00962977465961327,BASKETBALL._COUNT_IN_RADIO_0.3km
127,2,38,0.8930975030296935,-0.0025444380134762687,sqft_lot
128,2,39,0.8935772162724525,0.000537134233531748,WATER_FOUN._COUNT_IN_RADIO_0.3km
129,2,40,0.8960797906955423,0.002800624699820949,grade
130,2,41,0.8930368441692556,-0.0033958432696320827,PARKS_WITH._COUNT_IN_RADIO_0.3km
131,2,42,0.8954860860054745,0.00274259886611663,BASKETBALL._COUNT_IN_RADIO_1km
132,2,43,0.9025661964904309,0.00790644388070715,view
133,2,44,0.903802488934286,0.0013697526548882382,GOLF_COURS._COUNT_IN_RADIO_0.3km
134,2,45,0.9056611946809571,0.0020565397522446546,Unnamed: 0
135,3,1,0.04235456045405761,-0.15290879091884785,yr_built
136,3,2,0.1630256921763309,2.849070570645312,view
137,3,3,0.187880177046995,0.15245747181849806,floors
138,3,4,0.2541417003260461,0.35267969362450047,PICNIC_TAB._COUNT_IN_RADIO_0.3km
139,3,5,0.26788408818096876,0.05407372279831341,PARKS_WITH.name_COUNT_IN_RADIO_0.3km
140,3,6,0.32215180891724904,0.20257911212561378,WATER_FOUN._COUNT_IN_RADIO_0.3km
141,3,7,0.33184253944372377,0.030081254421774756,PICNIC_SIT._COUNT_IN_RADIO_0.3km
142,3,8,0.3263107644451052,-0.016669879057373486,PUBLIC_RES._COUNT_IN_RADIO_0.3km
143,3,9,0.5044943551261205,0.5460548964237154,PUBLIC_RES._COUNT_IN_RADIO_1km
144,3,10,0.6001320580512861,0.1895714034327634,id
145,3,11,0.5923344982312511,-0.01299307330015802,FOOTBALL_F._COUNT_IN_RADIO_0.3km
146,3,12,0.6128263331665689,0.03459503877708921,PARKS_WITH._COUNT_IN_RADIO_0.3km
147,3,13,0.6163391241384124,0.005732114926740177,SWIMMING_B._COUNT_IN_RADIO_1km
148,3,14,0.6345782315716773,0.029592649109792445,WADING_POO._COUNT_IN_RADIO_1km
149,3,15,0.7922385186961134,0.24844893707424315,sqft_above
150,3,16,0.7908113605420104,-0.0018014248492383908,CULTURAL_S._COUNT_IN_RADIO_0.3km
151,3,17,0.795396811928495,0.005798413648663044,BASKETBALL._COUNT_IN_RADIO_1km
152,3,18,0.8075471140725637,0.015275774257391735,PICNIC_TAB._COUNT_IN_RADIO_1km
153,3,19,0.806966147854006,-0.0007194208343187017,yr_renovated
154,3,20,0.8040274199022908,-0.0036416991710622572,BASKETBALL._COUNT_IN_RADIO_0.3km
155,3,21,0.7997479861887677,-0.005322497227822249,PLAY_AREAS._COUNT_IN_RADIO_1km
156,3,22,0.8257752676468761,0.03254435385594716,bathrooms
157,3,23,0.8303284424519339,0.005513818327391288,GOLF_COURS._COUNT_IN_RADIO_0.3km
158,3,24,0.8720777920519178,0.05028052450750616,sqft_living15
159,3,25,0.873783616866901,0.00195604661709079,GOLF_COURS._COUNT_IN_RADIO_1km
160,3,26,0.8730750667563609,-0.0008108988276533243,PARKS_WITH._COUNT_IN_RADIO_1km
161,3,27,0.8724276915080805,-0.000741488645054913,PLAY_AREAS._COUNT_IN_RADIO_0.3km
162,3,28,0.8852074072821006,0.014648452700909795,waterfront
163,3,29,0.8510921674467014,-0.03853926159536447,grade
164,3,30,0.8634483530257381,0.014518034651999683,PUBLIC_ART._COUNT_IN_RADIO_1km
165,3,31,0.8614348163403385,-0.0023319711924212655,FOOTBALL_F._COUNT_IN_RADIO_1km
166,3,32,0.8899321015260351,0.03308118576720935,sqft_living
167,3,33,0.8886363583363613,-0.001456002303380029,PARKS_WITH.name_COUNT_IN_RADIO_1km
168,3,34,0.8819456919589402,-0.00752913867934334,WADING_POO._COUNT_IN_RADIO_0.3km
169,3,35,0.8885830994438495,0.0075258687075918885,CULTURAL_S._COUNT_IN_RADIO_1km
170,3,36,0.896237572984726,0.008614246147228399,sqft_lot
171,3,37,0.9068398372036703,0.011829747534055994,sqft_basement
172,3,38,0.9029050677140956,-0.004338990556158149,SWIMMING_B._COUNT_IN_RADIO_0.3km
173,3,39,0.9040212059405598,0.0012361634311012573,bedrooms
174,3,40,0.9031798951622174,-0.0009306316852015212,condition
175,3,41,0.9084442950873506,0.005828739051136257,Unnamed: 0
176,3,42,0.9100507280122798,0.001768333989895077,WATER_FOUN._COUNT_IN_RADIO_1km
177,3,43,0.9073434533307504,-0.0029748612887136715,PUBLIC_ART._COUNT_IN_RADIO_0.3km
178,3,44,0.9109601004297385,0.003985973652768244,PICNIC_SIT._COUNT_IN_RADIO_1km
179,3,45,0.9077117739633446,-0.0035658273780175154,sqft_lot15
180,4,1,0.005517561555218764,-0.8896487688956247,WADING_POO._COUNT_IN_RADIO_0.3km
181,4,2,0.08101999877812671,13.684022637045937,sqft_lot15
182,4,3,0.4501444096701932,4.555966631188354,CULTURAL_S._COUNT_IN_RADIO_1km
183,4,4,0.4325503059314666,-0.03908546537680488,SWIMMING_B._COUNT_IN_RADIO_0.3km
184,4,5,0.6237446284650268,0.4420163849424096,sqft_living15
185,4,6,0.5938472514975018,-0.04793207925669738,PLAY_AREAS._COUNT_IN_RADIO_1km
186,4,7,0.5960967302576918,0.0037879753665904714,PARKS_WITH.name_COUNT_IN_RADIO_0.3km
187,4,8,0.6215242918285837,0.042656770755812694,bedrooms
188,4,9,0.637960683263964,0.026445292085081513,PUBLIC_RES._COUNT_IN_RADIO_1km
189,4,10,0.6429283290725722,0.007786758555703622,PICNIC_SIT._COUNT_IN_RADIO_1km
190,4,11,0.6999455036621857,0.08868356239934397,PLAY_AREAS._COUNT_IN_RADIO_0.3km
191,4,12,0.7053246206741957,0.00768505117022098,PUBLIC_ART._COUNT_IN_RADIO_1km
192,4,13,0.7115038349501822,0.008760808987612053,WATER_FOUN._COUNT_IN_RADIO_0.3km
193,4,14,0.7328316310596541,0.029975658684910964,CULTURAL_S._COUNT_IN_RADIO_0.3km
194,4,15,0.7318374824897316,-0.0013565852342986547,PUBLIC_ART._COUNT_IN_RADIO_0.3km
195,4,16,0.8396654404827942,0.14733866544554255,sqft_living
196,4,17,0.8477162787819468,0.009588150126225794,PICNIC_TAB._COUNT_IN_RADIO_1km
197,4,18,0.8422114887122322,-0.006493670355869821,sqft_lot
198,4,19,0.8465247120788665,0.005121306731673021,WADING_POO._COUNT_IN_RADIO_1km
199,4,20,0.8421297310238555,-0.005191792976979929,PICNIC_SIT._COUNT_IN_RADIO_0.3km
200,4,21,0.8431776256181791,0.001244338675763907,FOOTBALL_F._COUNT_IN_RADIO_1km
201,4,22,0.8470893729992682,0.004639292199222213,WATER_FOUN._COUNT_IN_RADIO_1km
202,4,23,0.8454685494945147,-0.0019134031855632379,BASKETBALL._COUNT_IN_RADIO_0.3km
203,4,24,0.8517360434030337,0.0074130420490107875,view
204,4,25,0.8732241243237785,0.02522856827203316,waterfront
205,4,26,0.870032264840886,-0.003655258019084426,yr_renovated
206,4,27,0.8689895218085908,-0.0011985107615358776,PARKS_WITH._COUNT_IN_RADIO_0.3km
207,4,28,0.8921317887687318,0.02663123821329396,sqft_above
208,4,29,0.8892805436651245,-0.003195990928136703,sqft_basement
209,4,30,0.8931096568247455,0.004305855094770749,condition
210,4,31,0.9004504977530888,0.008219417259961165,yr_built
211,4,32,0.8981923299128448,-0.0025078200810359566,PICNIC_TAB._COUNT_IN_RADIO_0.3km
212,4,33,0.891838207068869,-0.007074345474083949,GOLF_COURS._COUNT_IN_RADIO_0.3km
213,4,34,0.8999944438532373,0.009145422028032212,bathrooms
214,4,35,0.9038611833356346,0.004296403726496553,id
215,4,36,0.9023916294947445,-0.0016258623204359873,PUBLIC_RES._COUNT_IN_RADIO_0.3km
216,4,37,0.9054318877878897,0.003369111806641547,floors
217,4,38,0.9029253990772662,-0.0027682796955023014,FOOTBALL_F._COUNT_IN_RADIO_0.3km
218,4,39,0.9049550776531424,0.0022478917726208836,BASKETBALL._COUNT_IN_RADIO_1km
219,4,40,0.9028673810277852,-0.0023069616126928072,SWIMMING_B._COUNT_IN_RADIO_1km
220,4,41,0.9018245553109845,-0.001155015386217178,Unnamed: 0
221,4,42,0.9022820355184245,0.0005072829351848898,PARKS_WITH._COUNT_IN_RADIO_1km
222,4,43,0.909924455449028,0.00847010095486656,grade
223,4,44,0.9093130096226003,-0.0006719742751896442,PARKS_WITH.name_COUNT_IN_RADIO_1km
224,4,45,0.9048518516657679,-0.0049060751464272915,GOLF_COURS._COUNT_IN_RADIO_1km
225,5,1,0.1421772068000906,1.8435441360018119,CULTURAL_S._COUNT_IN_RADIO_1km
226,5,2,0.1986709832111413,0.39734763175143967,floors
227,5,3,0.3636387556879853,0.8303566520407333,BASKETBALL._COUNT_IN_RADIO_1km
228,5,4,0.49427816114115775,0.35925600175924477,WATER_FOUN._COUNT_IN_RADIO_1km
229,5,5,0.519329709350862,0.05068309745238759,GOLF_COURS._COUNT_IN_RADIO_1km
230,5,6,0.5426291742417626,0.044864494503932525,PARKS_WITH._COUNT_IN_RADIO_1km
231,5,7,0.5462931115417118,0.006752193715107465,PARKS_WITH.name_COUNT_IN_RADIO_1km
232,5,8,0.5917710933298372,0.0832483163841853,id
233,5,9,0.701798855049977,0.18592959838748532,bathrooms
234,5,10,0.7228213919130855,0.029955216814384,sqft_basement
235,5,11,0.7948298093008233,0.09962131474437093,sqft_living15
236,5,12,0.7875487576771729,-0.009160516551405082,PUBLIC_RES._COUNT_IN_RADIO_1km
237,5,13,0.7996298259797734,0.015340089340287766,PICNIC_TAB._COUNT_IN_RADIO_1km
238,5,14,0.7970686249944081,-0.0032029833082164953,SWIMMING_B._COUNT_IN_RADIO_0.3km
239,5,15,0.7993138848547988,0.0028168965506658278,Unnamed: 0
240,5,16,0.7938146487147751,-0.006879945718724321,WATER_FOUN._COUNT_IN_RADIO_0.3km
241,5,17,0.7898134812234548,-0.005040430405004967,FOOTBALL_F._COUNT_IN_RADIO_0.3km
242,5,18,0.7952867567633217,0.006929833017522739,PUBLIC_RES._COUNT_IN_RADIO_0.3km
243,5,19,0.7881001132775217,-0.009036543642507501,PLAY_AREAS._COUNT_IN_RADIO_0.3km
244,5,20,0.7879293903931639,-0.00021662588481027517,SWIMMING_B._COUNT_IN_RADIO_1km
245,5,21,0.7934322071596606,0.006983895807910973,CULTURAL_S._COUNT_IN_RADIO_0.3km
246,5,22,0.8078474653176945,0.01816822915424349,yr_built
247,5,23,0.8061057460465583,-0.002156000168238753,GOLF_COURS._COUNT_IN_RADIO_0.3km
248,5,24,0.8054806770359453,-0.0007754181305350557,PLAY_AREAS._COUNT_IN_RADIO_1km
249,5,25,0.8063429631066953,0.0010705235958273975,yr_renovated
250,5,26,0.8110029466203753,0.0057791581583671765,condition
251,5,27,0.8370707195477282,0.0321426365168991,waterfront
252,5,28,0.8391962879053294,0.0025392936438509038,bedrooms
253,5,29,0.8375641350696085,-0.001944899970655089,PARKS_WITH._COUNT_IN_RADIO_0.3km
254,5,30,0.837337885478238,-0.0002701280796266624,BASKETBALL._COUNT_IN_RADIO_0.3km
255,5,31,0.8381746820733575,0.000999353558022356,PARKS_WITH.name_COUNT_IN_RADIO_0.3km
256,5,32,0.8288500363122555,-0.011124943237412099,PICNIC_SIT._COUNT_IN_RADIO_0.3km
257,5,33,0.8427592519435694,0.01678134164438137,PUBLIC_ART._COUNT_IN_RADIO_1km
258,5,34,0.8367845727244322,-0.007089425841790998,PICNIC_TAB._COUNT_IN_RADIO_0.3km
259,5,35,0.8453931280168706,0.010287660137435843,sqft_lot
260,5,36,0.8395375794066859,-0.006926420875836379,WADING_POO._COUNT_IN_RADIO_0.3km
261,5,37,0.842199669888184,0.0031709009183119048,sqft_lot15
262,5,38,0.8439973902147411,0.0021345535872696253,PICNIC_SIT._COUNT_IN_RADIO_1km
263,5,39,0.8389005104804274,-0.006038975704672385,view
264,5,40,0.8789791192432101,0.04777516315949111,grade
265,5,41,0.8759555943607206,-0.003439814230277504,FOOTBALL_F._COUNT_IN_RADIO_1km
266,5,42,0.8803336412341685,0.00499802376014623,WADING_POO._COUNT_IN_RADIO_1km
267,5,43,0.8782909121986877,-0.002320403242362727,PUBLIC_ART._COUNT_IN_RADIO_0.3km
268,5,44,0.9050163034978002,0.030428860105370877,sqft_living
269,5,45,0.906098332840582,0.0011955909949908747,sqft_above
270,6,1,0.02997717047123294,-0.4004565905753413,CULTURAL_S._COUNT_IN_RADIO_0.3km
271,6,2,0.032927725169869415,0.09842672447914734,yr_renovated
272,6,3,0.2164480714801874,5.573429241271993,PUBLIC_RES._COUNT_IN_RADIO_1km
273,6,4,0.3024065549763425,0.3971321292369348,WADING_POO._COUNT_IN_RADIO_0.3km
274,6,5,0.4127042429923333,0.3647331256580053,PUBLIC_ART._COUNT_IN_RADIO_1km
275,6,6,0.49944902188849805,0.2101863025861262,floors
276,6,7,0.521390092100294,0.04393054996650742,PARKS_WITH._COUNT_IN_RADIO_0.3km
277,6,8,0.5595656895782931,0.0732188778736051,bedrooms
278,6,9,0.607918907491928,0.0864120492270987,view
279,6,10,0.6013811979979513,-0.010754246024275044,PUBLIC_ART._COUNT_IN_RADIO_0.3km
280,6,11,0.6001282634831544,-0.0020834281466863866,WATER_FOUN._COUNT_IN_RADIO_1km
281,6,12,0.6524169984108508,0.08712926570765336,CULTURAL_S._COUNT_IN_RADIO_1km
282,6,13,0.6934021918605169,0.06282054813025617,id
283,6,14,0.6902799878644594,-0.004502731650847599,PLAY_AREAS._COUNT_IN_RADIO_0.3km
284,6,15,0.7308598349746618,0.058787517853075066,yr_built
285,6,16,0.7901506991670785,0.08112480855439573,sqft_lot15
286,6,17,0.7921077970751065,0.0024768666408712166,WATER_FOUN._COUNT_IN_RADIO_0.3km
287,6,18,0.7887253910460349,-0.004270133486327579,PICNIC_SIT._COUNT_IN_RADIO_1km
288,6,19,0.7893557791376109,0.0007992491413772844,SWIMMING_B._COUNT_IN_RADIO_0.3km
289,6,20,0.7900039740110534,0.0008211694784202928,PUBLIC_RES._COUNT_IN_RADIO_0.3km
290,6,21,0.7846586079740383,-0.006766252085891768,PARKS_WITH.name_COUNT_IN_RADIO_1km
291,6,22,0.7906940283261876,0.007691778680326431,WADING_POO._COUNT_IN_RADIO_1km
292,6,23,0.8417475918206272,0.06456803980487162,sqft_above
293,6,24,0.8372123465936805,-0.005387892131817522,FOOTBALL_F._COUNT_IN_RADIO_0.3km
294,6,25,0.8280803332040396,-0.010907642997377889,FOOTBALL_F._COUNT_IN_RADIO_1km
295,6,26,0.8705016371961353,0.05122848869983126,sqft_living
296,6,27,0.8761848343795445,0.0065286461743078415,sqft_lot
297,6,28,0.8870201485578305,0.012366470809733686,sqft_living15
298,6,29,0.8773893949984282,-0.01085742367302546,SWIMMING_B._COUNT_IN_RADIO_1km
299,6,30,0.8775801774449741,0.00021744330126790922,BASKETBALL._COUNT_IN_RADIO_1km
300,6,31,0.8810167177383703,0.003915927435145055,GOLF_COURS._COUNT_IN_RADIO_0.3km
301,6,32,0.87557986474216,-0.006171112178401221,Unnamed: 0
302,6,33,0.8818715164671498,0.007185697134369987,condition
303,6,34,0.8745416101476882,-0.008311762181440934,PICNIC_TAB._COUNT_IN_RADIO_1km
304,6,35,0.884063040002465,0.01088733771417572,PICNIC_TAB._COUNT_IN_RADIO_0.3km
305,6,36,0.8807165848193582,-0.003785312847257479,GOLF_COURS._COUNT_IN_RADIO_1km
306,6,37,0.8800787978202416,-0.000724168262651108,PARKS_WITH._COUNT_IN_RADIO_1km
307,6,38,0.8803477561087893,0.0003056070538387382,PARKS_WITH.name_COUNT_IN_RADIO_0.3km
308,6,39,0.8987883469454652,0.020946939103002625,waterfront
309,6,40,0.8978573059365034,-0.0010358846018931405,BASKETBALL._COUNT_IN_RADIO_0.3km
310,6,41,0.8990350807493499,0.0013117616853583025,PLAY_AREAS._COUNT_IN_RADIO_1km
311,6,42,0.9019523486580243,0.003244887737020071,bathrooms
312,6,43,0.9040236277644631,0.0022964396173706402,sqft_basement
313,6,44,0.8989806639594629,-0.005578353983369728,PICNIC_SIT._COUNT_IN_RADIO_0.3km
314,6,45,0.9057263173744147,0.007503669083650047,grade
315,7,1,0.0898852164662246,0.797704329324492,FOOTBALL_F._COUNT_IN_RADIO_1km
316,7,2,0.20558435010852516,1.2871875731174973,yr_built
317,7,3,0.5992059405466874,1.9146476384529016,sqft_living15
318,7,4,0.6236990373305362,0.04087592449684738,PUBLIC_ART._COUNT_IN_RADIO_1km
319,7,5,0.6168633959328625,-0.010959839583736685,PICNIC_SIT._COUNT_IN_RADIO_0.3km
320,7,6,0.6838997828875368,0.10867298561831072,view
321,7,7,0.6753504281720866,-0.012500888184747608,PLAY_AREAS._COUNT_IN_RADIO_1km
322,7,8,0.6902865116550708,0.022116049475840973,PLAY_AREAS._COUNT_IN_RADIO_0.3km
323,7,9,0.6992873402528677,0.013039264777484818,PARKS_WITH.name_COUNT_IN_RADIO_1km
324,7,10,0.833678445624195,0.19218295203618374,sqft_above
325,7,11,0.855733561711566,0.02645518329415101,CULTURAL_S._COUNT_IN_RADIO_1km
326,7,12,0.8514687096080606,-0.004983855132402613,WATER_FOUN._COUNT_IN_RADIO_1km
327,7,13,0.8465577263378702,-0.005767661471025793,grade
328,7,14,0.8506626216693599,0.004848925482314262,GOLF_COURS._COUNT_IN_RADIO_0.3km
329,7,15,0.8612816190511519,0.012483206751171205,condition
330,7,16,0.857668886395543,-0.004194600901374103,SWIMMING_B._COUNT_IN_RADIO_0.3km
331,7,17,0.8627069274866555,0.005874109660530506,PUBLIC_ART._COUNT_IN_RADIO_0.3km
332,7,18,0.8637071737922819,0.0011594276964258213,PARKS_WITH.name_COUNT_IN_RADIO_0.3km
333,7,19,0.8324773700423928,-0.03615786078604436,id
334,7,20,0.8442622364143184,0.014156380456715039,PARKS_WITH._COUNT_IN_RADIO_1km
335,7,21,0.8458065696228358,0.001829210335258391,GOLF_COURS._COUNT_IN_RADIO_1km
336,7,22,0.8541722759798112,0.009890803237323833,PUBLIC_RES._COUNT_IN_RADIO_0.3km
337,7,23,0.849554102583964,-0.005406606519217312,bedrooms
338,7,24,0.8752610691629419,0.030259363707136198,sqft_living
339,7,25,0.870289596479324,-0.005679988358641773,BASKETBALL._COUNT_IN_RADIO_1km
340,7,26,0.8743684481260717,0.004686775141571635,SWIMMING_B._COUNT_IN_RADIO_1km
341,7,27,0.8786046075722199,0.0048448219457450006,FOOTBALL_F._COUNT_IN_RADIO_0.3km
342,7,28,0.8774820356572435,-0.0012776758798003127,sqft_basement
343,7,29,0.8724446488534469,-0.005740729267492708,floors
344,7,30,0.8766551816058205,0.004826131672544514,WADING_POO._COUNT_IN_RADIO_1km
345,7,31,0.8844119750791521,0.008848169309993834,yr_renovated
346,7,32,0.8867605866567739,0.0026555628415270956,CULTURAL_S._COUNT_IN_RADIO_0.3km
347,7,33,0.8830748231986089,-0.0041564358110016755,BASKETBALL._COUNT_IN_RADIO_0.3km
348,7,34,0.8869629201998102,0.0044029077707346655,Unnamed: 0
349,7,35,0.8899262481421204,0.003340982892095064,PICNIC_TAB._COUNT_IN_RADIO_1km
350,7,36,0.8927116548962838,0.0031299298789966264,sqft_lot15
351,7,37,0.9069087232736881,0.01590330797132221,waterfront
352,7,38,0.9109188140644938,0.004421713771073244,sqft_lot
353,7,39,0.9092375473582506,-0.001845682271882695,PICNIC_SIT._COUNT_IN_RADIO_1km
354,7,40,0.907744678349242,-0.0016418910694416923,PARKS_WITH._COUNT_IN_RADIO_0.3km
355,7,41,0.9080737729259556,0.00036254090446673047,PUBLIC_RES._COUNT_IN_RADIO_1km
356,7,42,0.9088441659608293,0.0008483815498727252,WADING_POO._COUNT_IN_RADIO_0.3km
357,7,43,0.9081354375888271,-0.0007798128640160567,bathrooms
358,7,44,0.908922635903406,0.0008668291996940875,WATER_FOUN._COUNT_IN_RADIO_0.3km
359,7,45,0.907082780598597,-0.002024215518607174,PICNIC_TAB._COUNT_IN_RADIO_0.3km
360,8,1,0.018390444401607642,-0.6321911119678472,yr_renovated
361,8,2,0.10272218727626403,4.585628331378677,PICNIC_TAB._COUNT_IN_RADIO_1km
362,8,3,0.13943404146250682,0.35738972426189547,FOOTBALL_F._COUNT_IN_RADIO_1km
363,8,4,0.23615466592057388,0.693665789527264,FOOTBALL_F._COUNT_IN_RADIO_0.3km
364,8,5,0.6339220897622764,1.6843513224315627,sqft_living15
365,8,6,0.6184793451262273,-0.02436063498251056,sqft_lot15
366,8,7,0.6445390428127413,0.04213511395630433,PLAY_AREAS._COUNT_IN_RADIO_0.3km
367,8,8,0.6406259084527676,-0.006071213844388703,PUBLIC_ART._COUNT_IN_RADIO_1km
368,8,9,0.8074168528640874,0.2603562269502203,sqft_living
369,8,10,0.8121915342402549,0.005913527020436453,PARKS_WITH._COUNT_IN_RADIO_0.3km
370,8,11,0.8284010939980173,0.019957804377910976,sqft_above
371,8,12,0.8348796233098946,0.007820522400098156,bathrooms
372,8,13,0.8338825944151954,-0.0011942187434716353,SWIMMING_B._COUNT_IN_RADIO_0.3km
373,8,14,0.8338782267347862,-5.23776421103638e-06,BASKETBALL._COUNT_IN_RADIO_1km
374,8,15,0.8347795989615593,0.0010809398757209568,BASKETBALL._COUNT_IN_RADIO_0.3km
375,8,16,0.836654143573873,0.002245556329653492,yr_built
376,8,17,0.8344330060974253,-0.002654785724194028,PARKS_WITH.name_COUNT_IN_RADIO_0.3km
377,8,18,0.8374815467362577,0.003653427676704921,PICNIC_SIT._COUNT_IN_RADIO_0.3km
378,8,19,0.8387965750327492,0.0015702176383661514,WATER_FOUN._COUNT_IN_RADIO_0.3km
379,8,20,0.8343486164998751,-0.005302785759110176,SWIMMING_B._COUNT_IN_RADIO_1km
380,8,21,0.8357569703049978,0.001687968047494126,sqft_basement
381,8,22,0.8301165331498597,-0.006748896336550779,WADING_POO._COUNT_IN_RADIO_0.3km
382,8,23,0.8344393723898227,0.005207508906683372,GOLF_COURS._COUNT_IN_RADIO_0.3km
383,8,24,0.8368866240168662,0.002932809390375022,GOLF_COURS._COUNT_IN_RADIO_1km
384,8,25,0.8339620906718072,-0.0034945394765923564,PICNIC_TAB._COUNT_IN_RADIO_0.3km
385,8,26,0.8363920652289383,0.0029137710026766665,WADING_POO._COUNT_IN_RADIO_1km
386,8,27,0.839232817970035,0.00339643674204294,PUBLIC_RES._COUNT_IN_RADIO_0.3km
387,8,28,0.8300360718660417,-0.010958515809997458,PUBLIC_ART._COUNT_IN_RADIO_0.3km
388,8,29,0.8344541106783712,0.005322707002837963,PICNIC_SIT._COUNT_IN_RADIO_1km
389,8,30,0.834393948014033,-7.20982299305362e-05,floors
390,8,31,0.8639347647129104,0.035403920137710064,view
391,8,32,0.8823978914120232,0.021370973195236734,CULTURAL_S._COUNT_IN_RADIO_1km
392,8,33,0.8737065552175276,-0.009849679242305991,PLAY_AREAS._COUNT_IN_RADIO_1km
393,8,34,0.8819686200808433,0.009456338417031442,PUBLIC_RES._COUNT_IN_RADIO_1km
394,8,35,0.8798169294122583,-0.0024396453792060943,CULTURAL_S._COUNT_IN_RADIO_0.3km
395,8,36,0.8815719147737533,0.001994716517522987,sqft_lot
396,8,37,0.8825975102689994,0.001163371334838027,bedrooms
397,8,38,0.87803913289127,-0.005164729477131701,PARKS_WITH._COUNT_IN_RADIO_1km
398,8,39,0.8912855030719953,0.015086309578374578,grade
399,8,40,0.8970701902875744,0.006490274099198326,id
400,8,41,0.8916181104844892,-0.006077651294306609,PARKS_WITH.name_COUNT_IN_RADIO_1km
401,8,42,0.8895708453608543,-0.002296123306111973,condition
402,8,43,0.8935455272537698,0.004468089206883989,WATER_FOUN._COUNT_IN_RADIO_1km
403,8,44,0.8942069371482504,0.0007402083881650497,Unnamed: 0
404,8,45,0.9056385197318239,0.012784045961475496,waterfront
405,9,1,0.5357659442206706,9.715318884413412,sqft_living
406,9,2,0.5573018428021294,0.04019646790500105,BASKETBALL._COUNT_IN_RADIO_0.3km
407,9,3,0.5657593222795674,0.015175760831712988,yr_renovated
408,9,4,0.6455921607276169,0.14110742024786385,sqft_living15
409,9,5,0.665172264552299,0.030328905794974787,sqft_basement
410,9,6,0.6565486475624014,-0.012964486719394227,Unnamed: 0
411,9,7,0.6772542627550096,0.0315370616777338,PICNIC_SIT._COUNT_IN_RADIO_0.3km
412,9,8,0.6904884751969984,0.01954098064758318,WATER_FOUN._COUNT_IN_RADIO_0.3km
413,9,9,0.7234661082080169,0.04775986015061281,grade
414,9,10,0.7718744258382875,0.0669116591379451,CULTURAL_S._COUNT_IN_RADIO_0.3km
415,9,11,0.7768524514168037,0.0064492687046988125,PICNIC_TAB._COUNT_IN_RADIO_0.3km
416,9,12,0.7706384922943035,-0.007998892339423481,yr_built
417,9,13,0.8196656641004021,0.063618898220536,PUBLIC_ART._COUNT_IN_RADIO_1km
418,9,14,0.8234651107074296,0.004635361432636598,PUBLIC_RES._COUNT_IN_RADIO_0.3km
419,9,15,0.8248053133259425,0.0016275159701200003,floors
420,9,16,0.8477958237825973,0.027873863183480136,view
421,9,17,0.8512935387695995,0.0041256572501105655,PLAY_AREAS._COUNT_IN_RADIO_1km
422,9,18,0.8568402646955149,0.006515644338064967,PICNIC_TAB._COUNT_IN_RADIO_1km
423,9,19,0.8562526931152092,-0.0006857422608570387,PUBLIC_ART._COUNT_IN_RADIO_0.3km
424,9,20,0.8569482097740707,0.0008122796745094621,PARKS_WITH._COUNT_IN_RADIO_0.3km
425,9,21,0.8550210589432004,-0.00224885332496166,PARKS_WITH.name_COUNT_IN_RADIO_0.3km
426,9,22,0.8719750122568487,0.019828696774560513,SWIMMING_B._COUNT_IN_RADIO_1km
427,9,23,0.8739833964370891,0.002303258868671364,PICNIC_SIT._COUNT_IN_RADIO_1km
428,9,24,0.8724703327467109,-0.0017312270422371729,bathrooms
429,9,25,0.8751576149293766,0.0030800843098075007,SWIMMING_B._COUNT_IN_RADIO_0.3km
430,9,26,0.8759852999203309,0.0009457553437629704,PUBLIC_RES._COUNT_IN_RADIO_1km
431,9,27,0.8882740563010795,0.014028496119588072,CULTURAL_S._COUNT_IN_RADIO_1km
432,9,28,0.8818425196247399,-0.007240486909098236,WADING_POO._COUNT_IN_RADIO_0.3km
433,9,29,0.890085685406004,0.009347661966642133,id
434,9,30,0.8932212292664878,0.003522743834548492,GOLF_COURS._COUNT_IN_RADIO_0.3km
435,9,31,0.8960677371416279,0.0031867893214737163,sqft_lot
436,9,32,0.884888640641144,-0.012475727042850741,WATER_FOUN._COUNT_IN_RADIO_1km
437,9,33,0.8892190477703084,0.004893731177322764,PARKS_WITH.name_COUNT_IN_RADIO_1km
438,9,34,0.8871566720898318,-0.0023193111817024865,PARKS_WITH._COUNT_IN_RADIO_1km
439,9,35,0.8890598228066262,0.002145225050622915,PLAY_AREAS._COUNT_IN_RADIO_0.3km
440,9,36,0.8919072628479632,0.003202754154774461,condition
441,9,37,0.8923902024313091,0.0005414683829390571,sqft_above
442,9,38,0.8974294172077473,0.005646873713661255,sqft_lot15
443,9,39,0.8959686425036083,-0.001627732138181972,FOOTBALL_F._COUNT_IN_RADIO_0.3km
444,9,40,0.8953626169390064,-0.0006763914894481753,GOLF_COURS._COUNT_IN_RADIO_1km
445,9,41,0.8988472985276202,0.0038919221360022406,bedrooms
446,9,42,0.8944961734518136,-0.004840783393279443,WADING_POO._COUNT_IN_RADIO_1km
447,9,43,0.8942603773410474,-0.0002636077355774151,BASKETBALL._COUNT_IN_RADIO_1km
448,9,44,0.8925806102058361,-0.0018783870758154041,FOOTBALL_F._COUNT_IN_RADIO_1km
449,9,45,0.9069084645389001,0.01605216847558432,waterfront
450,10,1,0.051458332734749535,0.029166654694990635,PARKS_WITH.name_COUNT_IN_RADIO_1km
451,10,2,0.06949083262512379,0.35042915174352324,condition
452,10,3,0.37660959379366576,4.4195579411939,id
453,10,4,0.3584546259745348,-0.04820633387549221,FOOTBALL_F._COUNT_IN_RADIO_0.3km
454,10,5,0.38990286591773216,0.08773283329151811,PUBLIC_ART._COUNT_IN_RADIO_0.3km
455,10,6,0.5091029053967349,0.30571726934716453,BASKETBALL._COUNT_IN_RADIO_1km
456,10,7,0.5273034471996342,0.03575022183131318,PLAY_AREAS._COUNT_IN_RADIO_1km
457,10,8,0.5998504076800613,0.13758104724272968,sqft_lot
458,10,9,0.5566116549724544,-0.07208255950818476,SWIMMING_B._COUNT_IN_RADIO_1km
459,10,10,0.7975936637304841,0.43294459719848216,grade
460,10,11,0.7944509159547106,-0.003940286788481149,CULTURAL_S._COUNT_IN_RADIO_0.3km
461,10,12,0.8079089341376593,0.01694002475505469,PICNIC_TAB._COUNT_IN_RADIO_0.3km
462,10,13,0.7967807088912384,-0.013774108412724572,sqft_basement
463,10,14,0.8148790645555932,0.022714349710523992,bedrooms
464,10,15,0.812158370165154,-0.0033387707560298863,SWIMMING_B._COUNT_IN_RADIO_0.3km
465,10,16,0.8185414474008254,0.007859399681337174,WADING_POO._COUNT_IN_RADIO_0.3km
466,10,17,0.8234380416537037,0.005982096897386047,GOLF_COURS._COUNT_IN_RADIO_1km
467,10,18,0.84703755017864,0.028659725845968462,waterfront
468,10,19,0.8477252703439052,0.0008119122524381041,PARKS_WITH.name_COUNT_IN_RADIO_0.3km
469,10,20,0.8262362153461145,-0.025349079176409436,sqft_lot15
470,10,21,0.8201937126092569,-0.00731328719877807,Unnamed: 0
471,10,22,0.8391141263313765,0.023068225751120042,CULTURAL_S._COUNT_IN_RADIO_1km
472,10,23,0.8400982947019778,0.0011728659305309736,GOLF_COURS._COUNT_IN_RADIO_0.3km
473,10,24,0.8364593255685674,-0.004331599238278842,sqft_living15
474,10,25,0.8529591213160197,0.019725759810540557,view
475,10,26,0.8593837399560973,0.007532153041713339,PARKS_WITH._COUNT_IN_RADIO_1km
476,10,27,0.8564123039273882,-0.0034576358506164945,PUBLIC_ART._COUNT_IN_RADIO_1km
477,10,28,0.852554102784889,-0.0045050743955990175,PLAY_AREAS._COUNT_IN_RADIO_0.3km
478,10,29,0.8544340487539582,0.002205075270799089,WATER_FOUN._COUNT_IN_RADIO_0.3km
479,10,30,0.8698958841654011,0.018095996331128454,yr_built
480,10,31,0.8730709369673059,0.003649922777771271,WADING_POO._COUNT_IN_RADIO_1km
481,10,32,0.8692911395141074,-0.004329313109800602,WATER_FOUN._COUNT_IN_RADIO_1km
482,10,33,0.8688445554671907,-0.0005137335774137583,PICNIC_SIT._COUNT_IN_RADIO_0.3km
483,10,34,0.9045696300264677,0.04111791267434147,sqft_living
484,10,35,0.9052500878974876,0.0007522448780421473,bathrooms
485,10,36,0.9037021029109563,-0.0017100081040882487,floors
486,10,37,0.9026350249883136,-0.0011807850387926487,PUBLIC_RES._COUNT_IN_RADIO_1km
487,10,38,0.9010080539314508,-0.0018024683419346477,PICNIC_TAB._COUNT_IN_RADIO_1km
488,10,39,0.9046113088147079,0.003999137263573469,FOOTBALL_F._COUNT_IN_RADIO_1km
489,10,40,0.9041165778637629,-0.0005468989234649555,PUBLIC_RES._COUNT_IN_RADIO_0.3km
490,10,41,0.8989365074199216,-0.005729427565724648,PARKS_WITH._COUNT_IN_RADIO_0.3km
491,10,42,0.9039269708926756,0.0055515194138430965,PICNIC_SIT._COUNT_IN_RADIO_1km
492,10,43,0.9003022925121367,-0.004009923917813144,BASKETBALL._COUNT_IN_RADIO_0.3km
493,10,44,0.904509097109122,0.004672657874997683,yr_renovated
494,10,45,0.9062948820374668,0.0019743139500225074,sqft_above
495,11,1,0.0478702397157158,-0.042595205685684034,waterfront
496,11,2,0.08479946426907714,0.7714443205772683,sqft_lot15
497,11,3,0.09271234188514599,0.09331282554994097,GOLF_COURS._COUNT_IN_RADIO_0.3km
498,11,4,0.2397897463841503,1.586384309881924,FOOTBALL_F._COUNT_IN_RADIO_1km
499,11,5,0.369954719244067,0.5428296031115047,WATER_FOUN._COUNT_IN_RADIO_0.3km
500,11,6,0.5445475076650481,0.47193015614918693,CULTURAL_S._COUNT_IN_RADIO_1km
501,11,7,0.5458182338851039,0.002333545195174002,PARKS_WITH.name_COUNT_IN_RADIO_0.3km
502,11,8,0.6840338211831389,0.2532264016066744,yr_built
503,11,9,0.7723337828109532,0.1290871282871456,bathrooms
504,11,10,0.7856362979202147,0.017223790290314938,PLAY_AREAS._COUNT_IN_RADIO_1km
505,11,11,0.7756351060137276,-0.012730053248510603,Unnamed: 0
506,11,12,0.7782220618694891,0.0033352743264248572,PUBLIC_RES._COUNT_IN_RADIO_1km
507,11,13,0.7745116779778383,-0.0047677701178729095,BASKETBALL._COUNT_IN_RADIO_1km
508,11,14,0.7921589505246437,0.022785030940889676,id
509,11,15,0.8002477264134924,0.010211051561674012,PARKS_WITH._COUNT_IN_RADIO_0.3km
510,11,16,0.7926990734113456,-0.009432895281037473,SWIMMING_B._COUNT_IN_RADIO_0.3km
511,11,17,0.795788626930375,0.003897511202748907,PICNIC_TAB._COUNT_IN_RADIO_0.3km
512,11,18,0.8446994848851528,0.0614621223520666,sqft_above
513,11,19,0.8428032798357392,-0.002244827993083695,PUBLIC_RES._COUNT_IN_RADIO_0.3km
514,11,20,0.8515045410782462,0.010324190057972828,sqft_basement
515,11,21,0.8502858350491005,-0.0014312384377921552,PICNIC_SIT._COUNT_IN_RADIO_0.3km
516,11,22,0.8766040707311663,0.030952221708534105,grade
517,11,23,0.8871666786782344,0.01204946257922112,sqft_lot
518,11,24,0.8863620625457611,-0.000906950353085923,CULTURAL_S._COUNT_IN_RADIO_0.3km
519,11,25,0.8865801350854473,0.00024603099444471044,WADING_POO._COUNT_IN_RADIO_1km
520,11,26,0.8675562116753397,-0.021457646813025102,PUBLIC_ART._COUNT_IN_RADIO_1km
521,11,27,0.8679512138705417,0.00045530444008840047,BASKETBALL._COUNT_IN_RADIO_0.3km
522,11,28,0.8755286628217149,0.00873027058442871,PICNIC_SIT._COUNT_IN_RADIO_1km
523,11,29,0.882368758810299,0.00781253233508004,sqft_living
524,11,30,0.8830566363527059,0.000779580572791838,WADING_POO._COUNT_IN_RADIO_0.3km
525,11,31,0.8914831230450689,0.00954240797868524,PICNIC_TAB._COUNT_IN_RADIO_1km
526,11,32,0.8916009952321204,0.00013222032364323876,PLAY_AREAS._COUNT_IN_RADIO_0.3km
527,11,33,0.8926275512279174,0.0011513625503857526,condition
528,11,34,0.9024115106585875,0.010960853064876944,view
529,11,35,0.9010111422098768,-0.001551806944138733,floors
530,11,36,0.9040332074405704,0.003354081974260036,yr_renovated
531,11,37,0.9051663931577459,0.0012534779782965787,WATER_FOUN._COUNT_IN_RADIO_1km
532,11,38,0.9025200468248927,-0.0029236020612975018,PUBLIC_ART._COUNT_IN_RADIO_0.3km
533,11,39,0.9028930786457359,0.00041332247649842523,bedrooms
534,11,40,0.9051588818504531,0.0025094922735655134,SWIMMING_B._COUNT_IN_RADIO_1km
535,11,41,0.9067713974622957,0.0017814724510531034,PARKS_WITH._COUNT_IN_RADIO_1km
536,11,42,0.9069586348773329,0.0002064880029973685,PARKS_WITH.name_COUNT_IN_RADIO_1km
537,11,43,0.9039584727778402,-0.0033079370812742572,GOLF_COURS._COUNT_IN_RADIO_1km
538,11,44,0.908029485636812,0.004503539688567328,sqft_living15
539,11,45,0.9044976044294568,-0.0038896107045226585,FOOTBALL_F._COUNT_IN_RADIO_0.3km
540,12,1,0.0852083970266494,0.7041679405329878,WATER_FOUN._COUNT_IN_RADIO_1km
541,12,2,0.21441820120172894,1.5163975462966222,PICNIC_SIT._COUNT_IN_RADIO_0.3km
542,12,3,0.21278723468921923,-0.007606474186280795,yr_built
543,12,4,0.25041363018465446,0.17682637565354645,waterfront
544,12,5,0.2574124912716793,0.027949201814070224,condition
545,12,6,0.5189487141821092,1.0160199360115678,CULTURAL_S._COUNT_IN_RADIO_1km
546,12,7,0.4721984747319029,-0.09008643469497203,CULTURAL_S._COUNT_IN_RADIO_0.3km
547,12,8,0.5508626040137199,0.1665912396825924,WADING_POO._COUNT_IN_RADIO_1km
548,12,9,0.6520086363561686,0.18361390227885122,sqft_lot15
549,12,10,0.6503463769930797,-0.0025494437809575336,SWIMMING_B._COUNT_IN_RADIO_0.3km
550,12,11,0.6577217874428329,0.011340741965618248,PUBLIC_RES._COUNT_IN_RADIO_1km
551,12,12,0.6655032657169241,0.011830957135151142,PLAY_AREAS._COUNT_IN_RADIO_1km
552,12,13,0.6623573073015273,-0.004727187043939961,PUBLIC_RES._COUNT_IN_RADIO_0.3km
553,12,14,0.7533456995199999,0.13737055697198125,grade
554,12,15,0.8739548894997023,0.16009806660680426,sqft_living
555,12,16,0.876788712270693,0.0032425275091862863,yr_renovated
556,12,17,0.8853391134056605,0.00975195165643024,GOLF_COURS._COUNT_IN_RADIO_0.3km
557,12,18,0.8750294808464243,-0.011644840268694166,PARKS_WITH.name_COUNT_IN_RADIO_0.3km
558,12,19,0.876588732608154,0.0017819419755107954,Unnamed: 0
559,12,20,0.8746515753318206,-0.00220988156050062,sqft_lot
560,12,21,0.8857080054085594,0.01264095371067538,sqft_living15
561,12,22,0.8881409385315923,0.0027468794548272924,WATER_FOUN._COUNT_IN_RADIO_0.3km
562,12,23,0.8883259214003251,0.00020828098414047834,PARKS_WITH._COUNT_IN_RADIO_1km
563,12,24,0.892041144531448,0.004182274817857832,BASKETBALL._COUNT_IN_RADIO_0.3km
564,12,25,0.8809497277633601,-0.012433750209934263,FOOTBALL_F._COUNT_IN_RADIO_0.3km
565,12,26,0.890201972636075,0.01050257986480728,bathrooms
566,12,27,0.8852390529494929,-0.00557504907777938,floors
567,12,28,0.8893996939680193,0.004700019734402531,PARKS_WITH.name_COUNT_IN_RADIO_1km
568,12,29,0.8865870626238797,-0.0031623929749640847,SWIMMING_B._COUNT_IN_RADIO_1km
569,12,30,0.8910580230498333,0.005042889316162245,PUBLIC_ART._COUNT_IN_RADIO_1km
570,12,31,0.8947699614924587,0.0041657651315685565,GOLF_COURS._COUNT_IN_RADIO_1km
571,12,32,0.8848731587341965,-0.011060723073173512,PICNIC_TAB._COUNT_IN_RADIO_1km
572,12,33,0.8957849567772724,0.012331482693728888,BASKETBALL._COUNT_IN_RADIO_1km
573,12,34,0.8931231907675167,-0.0029714341479141204,PUBLIC_ART._COUNT_IN_RADIO_0.3km
574,12,35,0.8927749795464558,-0.00038988039350051955,PLAY_AREAS._COUNT_IN_RADIO_0.3km
575,12,36,0.8988073868732684,0.006756917997273189,sqft_above
576,12,37,0.9001369449165086,0.0014792469027934958,bedrooms
577,12,38,0.8948199739927364,-0.005906846679052184,PICNIC_SIT._COUNT_IN_RADIO_1km
578,12,39,0.9002754218749929,0.006096698823020211,WADING_POO._COUNT_IN_RADIO_0.3km
579,12,40,0.9024406484886596,0.002405071338232473,FOOTBALL_F._COUNT_IN_RADIO_1km
580,12,41,0.8978930405455113,-0.0050392321653110715,PICNIC_TAB._COUNT_IN_RADIO_0.3km
581,12,42,0.8987802894239134,0.0009881454007740565,id
582,12,43,0.9047896081847383,0.006686082050905512,view
583,12,44,0.9047128298589392,-8.485765652541958e-05,PARKS_WITH._COUNT_IN_RADIO_0.3km
584,12,45,0.9058552610442717,0.0012627555923028656,sqft_basement
585,13,1,0.12109100704604125,1.4218201409208249,bedrooms
586,13,2,0.2166541523424509,0.7891844954272664,floors
587,13,3,0.2605171460615133,0.20245627995041196,sqft_basement
588,13,4,0.34307218149261465,0.3168890673000403,WADING_POO._COUNT_IN_RADIO_1km
589,13,5,0.5546561960500849,0.616733229832058,CULTURAL_S._COUNT_IN_RADIO_1km
590,13,6,0.5659160165745418,0.020300540415202004,SWIMMING_B._COUNT_IN_RADIO_0.3km
591,13,7,0.5641109093218185,-0.003189708719766457,yr_renovated
592,13,8,0.5329583224489762,-0.05522422338950035,Unnamed: 0
593,13,9,0.6232747814264568,0.16946251737372417,bathrooms
594,13,10,0.648627421107893,0.04067650486902891,waterfront
595,13,11,0.6856453100968434,0.05707111322201232,WATER_FOUN._COUNT_IN_RADIO_0.3km
596,13,12,0.7107450326348701,0.036607444357027015,PICNIC_TAB._COUNT_IN_RADIO_1km
597,13,13,0.7124814857368865,0.0024431449004702187,WATER_FOUN._COUNT_IN_RADIO_1km
598,13,14,0.7228202615064206,0.014510939549315038,BASKETBALL._COUNT_IN_RADIO_1km
599,13,15,0.7192327219923637,-0.004963252560989707,PICNIC_SIT._COUNT_IN_RADIO_0.3km
600,13,16,0.7238048309373415,0.00635692565865542,PUBLIC_RES._COUNT_IN_RADIO_0.3km
601,13,17,0.8393844966411311,0.1596834681997241,sqft_above
602,13,18,0.8550565672860296,0.018670907918375473,PUBLIC_ART._COUNT_IN_RADIO_1km
603,13,19,0.8545224539472072,-0.0006246526361615601,FOOTBALL_F._COUNT_IN_RADIO_1km
604,13,20,0.8535259585424544,-0.001166143031291647,PUBLIC_ART._COUNT_IN_RADIO_0.3km
605,13,21,0.84697635045813,-0.007673589793928438,PUBLIC_RES._COUNT_IN_RADIO_1km
606,13,22,0.8635289334185886,0.019543146572516792,PARKS_WITH._COUNT_IN_RADIO_0.3km
607,13,23,0.8642346004584279,0.000817189803989177,PICNIC_TAB._COUNT_IN_RADIO_0.3km
608,13,24,0.8603688778582356,-0.004473001425934355,PARKS_WITH.name_COUNT_IN_RADIO_0.3km
609,13,25,0.8671767276044852,0.00791271037510882,CULTURAL_S._COUNT_IN_RADIO_0.3km
610,13,26,0.8603351386460223,-0.007889497885122313,SWIMMING_B._COUNT_IN_RADIO_1km
611,13,27,0.8558911480251652,-0.005165418011231016,PARKS_WITH.name_COUNT_IN_RADIO_1km
612,13,28,0.8597932274720294,0.004559083775860513,grade
613,13,29,0.8816222885250241,0.025388733425101208,sqft_living
614,13,30,0.8786083604030617,-0.003418616068571514,FOOTBALL_F._COUNT_IN_RADIO_0.3km
615,13,31,0.8831352846276876,0.005152380091795672,GOLF_COURS._COUNT_IN_RADIO_1km
616,13,32,0.8909483357565098,0.008846947081404365,sqft_lot
617,13,33,0.8912819688772006,0.0003744696603619564,PICNIC_SIT._COUNT_IN_RADIO_1km
618,13,34,0.9041923820264185,0.014485217473300754,view
619,13,35,0.9008613634384478,-0.003683971082022859,PLAY_AREAS._COUNT_IN_RADIO_1km
620,13,36,0.9052561197098058,0.004878393557232702,sqft_living15
621,13,37,0.9034100694560058,-0.002039257414124751,id
622,13,38,0.9063537014022653,0.003258356360840764,sqft_lot15
623,13,39,0.9060466494940812,-0.00033877713271219194,PLAY_AREAS._COUNT_IN_RADIO_0.3km
624,13,40,0.9052656301374318,-0.0008620078856707126,yr_built
625,13,41,0.9058551681428699,0.0006512320647240861,GOLF_COURS._COUNT_IN_RADIO_0.3km
626,13,42,0.9034905112010135,-0.002610413921581161,BASKETBALL._COUNT_IN_RADIO_0.3km
627,13,43,0.9065519820076732,0.0033884924840992666,condition
628,13,44,0.9058885029737864,-0.0007318709208680913,PARKS_WITH._COUNT_IN_RADIO_1km
629,13,45,0.9067771728376446,0.000980992540407454,WADING_POO._COUNT_IN_RADIO_0.3km
630,14,1,0.12109100704604125,1.4218201409208249,bedrooms
631,14,2,0.22855647303132054,0.8874768540360618,PICNIC_TAB._COUNT_IN_RADIO_1km
632,14,3,0.35433325162866236,0.5503094133768236,PUBLIC_ART._COUNT_IN_RADIO_1km
633,14,4,0.7664941649893331,1.1632013407327946,sqft_living
634,14,5,0.7693637501758829,0.0037437795584389323,SWIMMING_B._COUNT_IN_RADIO_0.3km
635,14,6,0.7934083239281833,0.03125254308745846,FOOTBALL_F._COUNT_IN_RADIO_0.3km
636,14,7,0.7948381827667843,0.0018021727217604213,yr_renovated
637,14,8,0.7938241058047837,-0.0012758281924387166,SWIMMING_B._COUNT_IN_RADIO_1km
638,14,9,0.8058370738043891,0.01513303502849232,CULTURAL_S._COUNT_IN_RADIO_0.3km
639,14,10,0.800596835426405,-0.006502850946339148,bathrooms
640,14,11,0.8109995041703839,0.01299364209757128,PARKS_WITH._COUNT_IN_RADIO_1km
641,14,12,0.8172432056401195,0.007698773473508663,PUBLIC_RES._COUNT_IN_RADIO_1km
642,14,13,0.8056782338103914,-0.014151199728445212,PUBLIC_ART._COUNT_IN_RADIO_0.3km
643,14,14,0.7986559007760402,-0.008716051569544844,WADING_POO._COUNT_IN_RADIO_0.3km
644,14,15,0.8099595312485596,0.014153317419348962,WATER_FOUN._COUNT_IN_RADIO_1km
645,14,16,0.8135363178635209,0.004416006574362617,floors
646,14,17,0.8377378650845269,0.02974857629535605,waterfront
647,14,18,0.8381852122609385,0.0005339942183065314,PARKS_WITH.name_COUNT_IN_RADIO_0.3km
648,14,19,0.8352522013675789,-0.0034992396077329325,GOLF_COURS._COUNT_IN_RADIO_0.3km
649,14,20,0.831922508003877,-0.003986452664536694,PARKS_WITH.name_COUNT_IN_RADIO_1km
650,14,21,0.8409945753983961,0.010904942836907553,BASKETBALL._COUNT_IN_RADIO_0.3km
651,14,22,0.8460471729500286,0.00600788364091296,PICNIC_TAB._COUNT_IN_RADIO_0.3km
652,14,23,0.8445818124983068,-0.0017320079761183767,PUBLIC_RES._COUNT_IN_RADIO_0.3km
653,14,24,0.843329899507906,-0.0014822874135751501,condition
654,14,25,0.8471288418125066,0.00450469301137938,sqft_above
655,14,26,0.8522532558612639,0.0060491554481761755,Unnamed: 0
656,14,27,0.8426722162382527,-0.011242009997754505,sqft_basement
657,14,28,0.8557287321562534,0.01549418109011107,view
658,14,29,0.8718820925366347,0.018876730175552563,sqft_lot
659,14,30,0.8678015402767425,-0.00468016523658648,BASKETBALL._COUNT_IN_RADIO_1km
660,14,31,0.879363937612513,0.013323780610118775,sqft_living15
661,14,32,0.8804156938810087,0.0011960420748561458,sqft_lot15
662,14,33,0.8867183532415813,0.0071587312724850655,PICNIC_SIT._COUNT_IN_RADIO_0.3km
663,14,34,0.8839423457667972,-0.0031306530023156275,GOLF_COURS._COUNT_IN_RADIO_1km
664,14,35,0.8983433024064134,0.016291737474262193,grade
665,14,36,0.8957868647106411,-0.002845724667757088,PICNIC_SIT._COUNT_IN_RADIO_1km
666,14,37,0.8981803102403886,0.0026718917457230784,PLAY_AREAS._COUNT_IN_RADIO_0.3km
667,14,38,0.8966081057963377,-0.001750432987815269,yr_built
668,14,39,0.8987723031254808,0.0024137606108535267,WATER_FOUN._COUNT_IN_RADIO_0.3km
669,14,40,0.9136184559871525,0.016518258083881958,CULTURAL_S._COUNT_IN_RADIO_1km
670,14,41,0.9110012315545469,-0.0028646799059873582,FOOTBALL_F._COUNT_IN_RADIO_1km
671,14,42,0.9108464463022264,-0.00016990674321741634,WADING_POO._COUNT_IN_RADIO_1km
672,14,43,0.9070529115897374,-0.004164845488380237,PLAY_AREAS._COUNT_IN_RADIO_1km
673,14,44,0.9091547886836052,0.0023172596295225403,PARKS_WITH._COUNT_IN_RADIO_0.3km
674,14,45,0.9036226043296278,-0.006084975213063144,id
675,15,1,0.06293707316977015,0.258741463395403,GOLF_COURS._COUNT_IN_RADIO_1km
676,15,2,0.08698044716460818,0.38202243580634926,PARKS_WITH.name_COUNT_IN_RADIO_0.3km
677,15,3,0.17712599574096632,1.0363886541737375,bedrooms
678,15,4,0.3064805560863526,0.730296870339449,sqft_lot
679,15,5,0.6509537175720208,1.1239641623092427,sqft_above
680,15,6,0.6415792605197368,-0.0144011114757123,BASKETBALL._COUNT_IN_RADIO_0.3km
681,15,7,0.7454839462581022,0.16195144097113318,CULTURAL_S._COUNT_IN_RADIO_1km
682,15,8,0.7681086398901614,0.03034900180697663,sqft_lot15
683,15,9,0.7789496963671585,0.014113962418841332,PARKS_WITH._COUNT_IN_RADIO_1km
684,15,10,0.782049974607665,0.0039800750356094846,FOOTBALL_F._COUNT_IN_RADIO_1km
685,15,11,0.780724189419853,-0.0016952691399000751,PLAY_AREAS._COUNT_IN_RADIO_0.3km
686,15,12,0.7911060092901623,0.013297679271374815,PICNIC_TAB._COUNT_IN_RADIO_0.3km
687,15,13,0.7909373906361618,-0.00021314293156719484,SWIMMING_B._COUNT_IN_RADIO_0.3km
688,15,14,0.83236470973718,0.052377494845322344,sqft_living
689,15,15,0.8363313294827655,0.004765482845660162,id
690,15,16,0.8420554673709308,0.006844342291595752,PICNIC_SIT._COUNT_IN_RADIO_0.3km
691,15,17,0.8376087275576694,-0.005280815796072343,condition
692,15,18,0.8350442403632183,-0.0030616767830591285,FOOTBALL_F._COUNT_IN_RADIO_0.3km
693,15,19,0.8372535948455686,0.0026457933311285005,Unnamed: 0
694,15,20,0.8363751811818113,-0.0010491608147938942,BASKETBALL._COUNT_IN_RADIO_1km
695,15,21,0.837818375703876,0.0017255348491156729,WADING_POO._COUNT_IN_RADIO_0.3km
696,15,22,0.8458530929560404,0.009590046584278152,WADING_POO._COUNT_IN_RADIO_1km
697,15,23,0.8487559289886533,0.0034318442017729186,WATER_FOUN._COUNT_IN_RADIO_1km
698,15,24,0.8398891792130746,-0.010446760337973674,WATER_FOUN._COUNT_IN_RADIO_0.3km
699,15,25,0.8465454527882768,0.007925180773776226,yr_renovated
700,15,26,0.8430794409991075,-0.004094300876288724,PUBLIC_RES._COUNT_IN_RADIO_0.3km
701,15,27,0.8450253991160568,0.0023081551065261582,PARKS_WITH.name_COUNT_IN_RADIO_1km
702,15,28,0.8498781225086376,0.005742695305557704,sqft_basement
703,15,29,0.8517346291725013,0.0021844387032622474,PUBLIC_ART._COUNT_IN_RADIO_1km
704,15,30,0.8595065508442834,0.009124815882304635,PICNIC_TAB._COUNT_IN_RADIO_1km
705,15,31,0.840855003500615,-0.021700296903318726,SWIMMING_B._COUNT_IN_RADIO_1km
706,15,32,0.8399191510955033,-0.0011129771497055167,PUBLIC_RES._COUNT_IN_RADIO_1km
707,15,33,0.841726150764472,0.0021513971512756042,PARKS_WITH._COUNT_IN_RADIO_0.3km
708,15,34,0.8536699291446483,0.014189624938382607,sqft_living15
709,15,35,0.8685332188001325,0.0174110498074785,grade
710,15,36,0.8596012544249467,-0.01028396402330486,CULTURAL_S._COUNT_IN_RADIO_0.3km
711,15,37,0.8697744768781583,0.011834815736765375,PUBLIC_ART._COUNT_IN_RADIO_0.3km
712,15,38,0.89532048222243,0.029370838100426625,waterfront
713,15,39,0.9006446764855327,0.00594669101044869,yr_built
714,15,40,0.8997491617385642,-0.0009943041582868425,PLAY_AREAS._COUNT_IN_RADIO_1km
715,15,41,0.9046900396650819,0.0054913948649538144,PICNIC_SIT._COUNT_IN_RADIO_1km
716,15,42,0.903667657394221,-0.0011300912202365145,bathrooms
717,15,43,0.9030755655083754,-0.000655209778728672,GOLF_COURS._COUNT_IN_RADIO_0.3km
718,15,44,0.9011939999233237,-0.0020835084647567656,view
719,15,45,0.9050293613300486,0.004255866558200828,floors
720,16,1,0.003450586935862532,-0.9309882612827494,PARKS_WITH.name_COUNT_IN_RADIO_0.3km
721,16,2,0.2348716149904415,67.06714896801503,CULTURAL_S._COUNT_IN_RADIO_1km
722,16,3,0.27383672363341216,0.16589960708771215,floors
723,16,4,0.33153560375184166,0.21070541362330766,yr_renovated
724,16,5,0.711044847145466,1.1447013204581538,sqft_above
725,16,6,0.7157333426588615,0.006593811251453,GOLF_COURS._COUNT_IN_RADIO_0.3km
726,16,7,0.7250332414444765,0.012993524587057813,FOOTBALL_F._COUNT_IN_RADIO_0.3km
727,16,8,0.7376867983798243,0.017452381783403904,yr_built
728,16,9,0.7307011264545846,-0.0094696989841519,Unnamed: 0
729,16,10,0.752671056024997,0.03006691624660829,bathrooms
730,16,11,0.7749805978862949,0.02964049392189866,PUBLIC_RES._COUNT_IN_RADIO_1km
731,16,12,0.7762406840705696,0.001625958362972494,PUBLIC_RES._COUNT_IN_RADIO_0.3km
732,16,13,0.7688179308528986,-0.009562437746429849,PARKS_WITH._COUNT_IN_RADIO_0.3km
733,16,14,0.7806219311223448,0.0153534403865311,BASKETBALL._COUNT_IN_RADIO_1km
734,16,15,0.8307600936335742,0.06422848310083074,view
735,16,16,0.8347695635155669,0.004826266828075588,PARKS_WITH._COUNT_IN_RADIO_1km
736,16,17,0.8324643932161757,-0.0027614450743545333,WATER_FOUN._COUNT_IN_RADIO_1km
737,16,18,0.8499440628164524,0.02099749820258984,sqft_lot
738,16,19,0.8541495908685571,0.004948005681890289,WADING_POO._COUNT_IN_RADIO_1km
739,16,20,0.8568549766604326,0.003167344246017252,BASKETBALL._COUNT_IN_RADIO_0.3km
740,16,21,0.8628310378214856,0.006974413785101075,PARKS_WITH.name_COUNT_IN_RADIO_1km
741,16,22,0.8575187843323302,-0.006156771437624732,id
742,16,23,0.8588892140318851,0.0015981337372357924,PICNIC_SIT._COUNT_IN_RADIO_1km
743,16,24,0.8583751051522147,-0.0005985741481803258,SWIMMING_B._COUNT_IN_RADIO_0.3km
744,16,25,0.859369280933562,0.0011582066807156646,condition
745,16,26,0.8595179490706868,0.00017299680175124623,PICNIC_SIT._COUNT_IN_RADIO_0.3km
746,16,27,0.8590218715788371,-0.0005771578038434405,grade
747,16,28,0.8814962636847797,0.026162770529504498,sqft_living
748,16,29,0.8871366538982071,0.006398654703140424,sqft_lot15
749,16,30,0.8898127271473488,0.00301652878097496,PUBLIC_ART._COUNT_IN_RADIO_1km
750,16,31,0.8922036186485625,0.002686960332516925,bedrooms
751,16,32,0.8991032088952019,0.007733201370658394,waterfront
752,16,33,0.9001012954761936,0.0011100912232513101,WATER_FOUN._COUNT_IN_RADIO_0.3km
753,16,34,0.9027481543938626,0.002940623384247792,PLAY_AREAS._COUNT_IN_RADIO_1km
754,16,35,0.9056292553643839,0.003191478106599702,FOOTBALL_F._COUNT_IN_RADIO_1km
755,16,36,0.9039063880975656,-0.0019023979808658541,sqft_basement
756,16,37,0.9115030699709759,0.008404279440262412,sqft_living15
757,16,38,0.9079326111455621,-0.003917111135486825,PLAY_AREAS._COUNT_IN_RADIO_0.3km
758,16,39,0.9094975402292239,0.0017236181016642644,WADING_POO._COUNT_IN_RADIO_0.3km
759,16,40,0.9105534957719654,0.001161031774176519,GOLF_COURS._COUNT_IN_RADIO_1km
760,16,41,0.9092273123158039,-0.0014564585851567107,PICNIC_TAB._COUNT_IN_RADIO_1km
761,16,42,0.9124472940577765,0.0035414485446673143,CULTURAL_S._COUNT_IN_RADIO_0.3km
762,16,43,0.9135221639811192,0.0011780076836686337,PUBLIC_ART._COUNT_IN_RADIO_0.3km
763,16,44,0.9126465253434034,-0.0009585302603931992,PICNIC_TAB._COUNT_IN_RADIO_0.3km
764,16,45,0.9045777001527938,-0.008841128483531465,SWIMMING_B._COUNT_IN_RADIO_1km
765,17,1,0.006893659147258258,-0.8621268170548348,FOOTBALL_F._COUNT_IN_RADIO_0.3km
766,17,2,0.18556503935834423,25.918220845332492,CULTURAL_S._COUNT_IN_RADIO_1km
767,17,3,0.5407212619387771,1.913917749854764,bathrooms
768,17,4,0.5762802908670286,0.06576221693364376,BASKETBALL._COUNT_IN_RADIO_0.3km
769,17,5,0.6793737496645904,0.1788946462882759,sqft_lot15
770,17,6,0.6725511213627797,-0.010042525642445038,Unnamed: 0
771,17,7,0.6927866317281722,0.030087691065609424,WATER_FOUN._COUNT_IN_RADIO_1km
772,17,8,0.7601616799684592,0.09725223489405149,grade
773,17,9,0.7838481932986945,0.03115983606437266,sqft_living15
774,17,10,0.7897987638079903,0.0075914833512007365,yr_renovated
775,17,11,0.7762856254614986,-0.017109596729853724,PARKS_WITH._COUNT_IN_RADIO_0.3km
776,17,12,0.7863531667129865,0.012968862131773711,WADING_POO._COUNT_IN_RADIO_0.3km
777,17,13,0.7897981721712918,0.004380990125220271,PARKS_WITH.name_COUNT_IN_RADIO_0.3km
778,17,14,0.7921736188828692,0.0030076629641303137,CULTURAL_S._COUNT_IN_RADIO_0.3km
779,17,15,0.7881367460676497,-0.005095944524020263,PUBLIC_RES._COUNT_IN_RADIO_0.3km
780,17,16,0.7991214226578123,0.013937526254130127,SWIMMING_B._COUNT_IN_RADIO_0.3km
781,17,17,0.8059793925406454,0.00858188716806529,condition
782,17,18,0.8048058732010216,-0.00145601655635961,WATER_FOUN._COUNT_IN_RADIO_0.3km
783,17,19,0.8006247045664686,-0.0051952511453760486,PUBLIC_RES._COUNT_IN_RADIO_1km
784,17,20,0.8356340671714707,0.043727557250384075,view
785,17,21,0.8416777972652003,0.007232508021348346,PUBLIC_ART._COUNT_IN_RADIO_1km
786,17,22,0.8454122221036553,0.004436881726699895,PICNIC_SIT._COUNT_IN_RADIO_0.3km
787,17,23,0.8473035606108413,0.0022371790444190433,id
788,17,24,0.8533006733429186,0.007077879771629659,yr_built
789,17,25,0.8867903864238103,0.03924725964376808,sqft_living
790,17,26,0.887006585881322,0.00024379995636127509,PLAY_AREAS._COUNT_IN_RADIO_1km
791,17,27,0.8928426021115371,0.00657945084411804,floors
792,17,28,0.8916901805420591,-0.0012907331782249232,PARKS_WITH._COUNT_IN_RADIO_1km
793,17,29,0.8888881353479786,-0.0031423977242601058,sqft_lot
794,17,30,0.8899410938758514,0.0011845793480645182,GOLF_COURS._COUNT_IN_RADIO_1km
795,17,31,0.8944472659012132,0.0050634497680476405,PICNIC_TAB._COUNT_IN_RADIO_1km
796,17,32,0.8891566826503151,-0.005914919137873865,GOLF_COURS._COUNT_IN_RADIO_0.3km
797,17,33,0.8893895955887994,0.00026194813920761323,PLAY_AREAS._COUNT_IN_RADIO_0.3km
798,17,34,0.889652349032945,0.00029543120972948185,PARKS_WITH.name_COUNT_IN_RADIO_1km
799,17,35,0.892098399025796,0.0027494447640248392,PICNIC_TAB._COUNT_IN_RADIO_0.3km
800,17,36,0.892384561362281,0.0003207744087394725,WADING_POO._COUNT_IN_RADIO_1km
801,17,37,0.8927708062562294,0.00043282337085574833,sqft_basement
802,17,38,0.8948839946382697,0.0023669998696550535,bedrooms
803,17,39,0.8945574609167155,-0.0003648894421072025,PUBLIC_ART._COUNT_IN_RADIO_0.3km
804,17,40,0.9049350430848269,0.011600799972621905,waterfront
805,17,41,0.906956162717909,0.002233441669130612,PICNIC_SIT._COUNT_IN_RADIO_1km
806,17,42,0.9105720292219542,0.003986815077378621,sqft_above
807,17,43,0.9088962154849705,-0.0018403966772575812,SWIMMING_B._COUNT_IN_RADIO_1km
808,17,44,0.9104055153428976,0.0016605854796323503,FOOTBALL_F._COUNT_IN_RADIO_1km
809,17,45,0.9027205791721642,-0.00844122321451329,BASKETBALL._COUNT_IN_RADIO_1km
810,18,1,0.4163688330391673,7.3273766607833455,sqft_above
811,18,2,0.6143008165224129,0.4753765598603928,FOOTBALL_F._COUNT_IN_RADIO_1km
812,18,3,0.6706263165328855,0.09169042022332655,PICNIC_TAB._COUNT_IN_RADIO_0.3km
813,18,4,0.7149157674969759,0.0660419221140401,view
814,18,5,0.752197678850635,0.05214867687726135,SWIMMING_B._COUNT_IN_RADIO_1km
815,18,6,0.7562314276499615,0.005362617982935154,SWIMMING_B._COUNT_IN_RADIO_0.3km
816,18,7,0.7711225347387298,0.01969120370339986,id
817,18,8,0.7681905633861434,-0.0038022119967999466,WADING_POO._COUNT_IN_RADIO_1km
818,18,9,0.7733063279433332,0.00665949934953606,yr_renovated
819,18,10,0.7743349103207096,0.0013301098674725,WADING_POO._COUNT_IN_RADIO_0.3km
820,18,11,0.7844870101286785,0.013110734996778334,floors
821,18,12,0.8417891004445941,0.07304402695784142,sqft_living15
822,18,13,0.8455065750555574,0.004416159117527039,PARKS_WITH._COUNT_IN_RADIO_1km
823,18,14,0.851471348163553,0.007054673829832313,PLAY_AREAS._COUNT_IN_RADIO_0.3km
824,18,15,0.8489475924720147,-0.0029639936763362676,PLAY_AREAS._COUNT_IN_RADIO_1km
825,18,16,0.849966208653162,0.0011998575532574704,sqft_living
826,18,17,0.8575836448038152,0.008962045870886642,PUBLIC_RES._COUNT_IN_RADIO_1km
827,18,18,0.864128857937233,0.007632157134847341,CULTURAL_S._COUNT_IN_RADIO_1km
828,18,19,0.8801296726453531,0.01851669986617011,waterfront
829,18,20,0.882313284402072,0.0024810114061439748,yr_built
830,18,21,0.8806176541832916,-0.0019218006220199718,GOLF_COURS._COUNT_IN_RADIO_1km
831,18,22,0.8828151496227564,0.00249540243603543,WATER_FOUN._COUNT_IN_RADIO_1km
832,18,23,0.8897319605975117,0.007834948208252833,bathrooms
833,18,24,0.8847393202657817,-0.005611398210734268,sqft_basement
834,18,25,0.8870572904223388,0.0026199470323764623,PICNIC_TAB._COUNT_IN_RADIO_1km
835,18,26,0.8854214362676303,-0.0018441358550017905,CULTURAL_S._COUNT_IN_RADIO_0.3km
836,18,27,0.8866798379639415,0.0014212460245098776,PARKS_WITH.name_COUNT_IN_RADIO_1km
837,18,28,0.8850627293663759,-0.0018237795970176883,PARKS_WITH.name_COUNT_IN_RADIO_0.3km
838,18,29,0.8883565392228494,0.003721555260644188,Unnamed: 0
839,18,30,0.880458853561388,-0.00889022066339543,PICNIC_SIT._COUNT_IN_RADIO_1km
840,18,31,0.8827117540065262,0.0025587799316520625,BASKETBALL._COUNT_IN_RADIO_0.3km
841,18,32,0.8942598692004092,0.013082543810555864,PUBLIC_ART._COUNT_IN_RADIO_1km
842,18,33,0.8967351596097173,0.002767976619057388,sqft_lot
843,18,34,0.8977140094493897,0.0010915707153698175,bedrooms
844,18,35,0.892628283401065,-0.00566519625937887,FOOTBALL_F._COUNT_IN_RADIO_0.3km
845,18,36,0.8959825110546277,0.0037576981549166917,condition
846,18,37,0.9016026355336975,0.006272582790097709,PICNIC_SIT._COUNT_IN_RADIO_0.3km
847,18,38,0.901315571242378,-0.00031839335867678655,GOLF_COURS._COUNT_IN_RADIO_0.3km
848,18,39,0.9018358378105737,0.0005772302008258506,sqft_lot15
849,18,40,0.9026777136696081,0.0009335134219973448,WATER_FOUN._COUNT_IN_RADIO_0.3km
850,18,41,0.8970270102214433,-0.006259934595253677,PUBLIC_ART._COUNT_IN_RADIO_0.3km
851,18,42,0.9055760538449233,0.00953041940327932,PUBLIC_RES._COUNT_IN_RADIO_0.3km
852,18,43,0.8982801081044447,-0.008056690224417146,BASKETBALL._COUNT_IN_RADIO_1km
853,18,44,0.9073220489163792,0.0100658366252982,grade
854,18,45,0.901683123272323,-0.006214910847577021,PARKS_WITH._COUNT_IN_RADIO_0.3km
855,19,1,0.01932759751421198,-0.6134480497157604,PLAY_AREAS._COUNT_IN_RADIO_0.3km
856,19,2,-0.01627200177740784,-1.8419050409882916,BASKETBALL._COUNT_IN_RADIO_0.3km
857,19,3,0.09718257396509034,-6.972379753548164,WATER_FOUN._COUNT_IN_RADIO_0.3km
858,19,4,0.3470742674529964,2.571363190870737,PLAY_AREAS._COUNT_IN_RADIO_1km
859,19,5,0.4045798708459625,0.1656867385040406,PUBLIC_ART._COUNT_IN_RADIO_1km
860,19,6,0.45213205558703173,0.11753472717671122,SWIMMING_B._COUNT_IN_RADIO_1km
861,19,7,0.4505820004449266,-0.003428323922073211,FOOTBALL_F._COUNT_IN_RADIO_1km
862,19,8,0.799339353434154,0.7740152794493509,sqft_living
863,19,9,0.7861060342290711,-0.016555320525918488,sqft_basement
864,19,10,0.7865430717989397,0.0005559524425953173,PARKS_WITH.name_COUNT_IN_RADIO_0.3km
865,19,11,0.805801497835314,0.024484896920301435,sqft_lot15
866,19,12,0.8183468282619487,0.015568760371302644,id
867,19,13,0.8262249429624638,0.009626865319741171,floors
868,19,14,0.8242803989869197,-0.0023535285301020657,sqft_lot
869,19,15,0.8418777234412163,0.021348711525743514,view
870,19,16,0.8435051602891613,0.0019331035881230561,BASKETBALL._COUNT_IN_RADIO_1km
871,19,17,0.847997237326519,0.005325488507761743,PUBLIC_ART._COUNT_IN_RADIO_0.3km
872,19,18,0.8453474044785929,-0.0031248130669390027,GOLF_COURS._COUNT_IN_RADIO_1km
873,19,19,0.8478773832049444,0.0029928272245799397,PICNIC_TAB._COUNT_IN_RADIO_1km
874,19,20,0.846862712289801,-0.0011967189304047516,Unnamed: 0
875,19,21,0.8489858496189436,0.0025070620046570785,PICNIC_SIT._COUNT_IN_RADIO_0.3km
876,19,22,0.8455903562454187,-0.0039994699264410405,sqft_living15
877,19,23,0.8419876660463126,-0.004260562070625676,condition
878,19,24,0.8478985064701081,0.007020103336609218,WADING_POO._COUNT_IN_RADIO_0.3km
879,19,25,0.8472109811254228,-0.0008108580678453412,SWIMMING_B._COUNT_IN_RADIO_0.3km
880,19,26,0.8495271225167381,0.0027338425054861523,WATER_FOUN._COUNT_IN_RADIO_1km
881,19,27,0.850980974999624,0.0017113667643462796,GOLF_COURS._COUNT_IN_RADIO_0.3km
882,19,28,0.8828825473153357,0.03748799709150462,grade
883,19,29,0.8783840294024632,-0.0050952620216036075,PUBLIC_RES._COUNT_IN_RADIO_1km
884,19,30,0.8754404873968638,-0.00335108780108608,WADING_POO._COUNT_IN_RADIO_1km
885,19,31,0.8799188816858855,0.005115589641436763,FOOTBALL_F._COUNT_IN_RADIO_0.3km
886,19,32,0.8769358306836774,-0.003390143187395511,PUBLIC_RES._COUNT_IN_RADIO_0.3km
887,19,33,0.8735822884235109,-0.0038241592404224096,PICNIC_TAB._COUNT_IN_RADIO_0.3km
888,19,34,0.8735404509238084,-4.789188180319814e-05,PARKS_WITH.name_COUNT_IN_RADIO_1km
889,19,35,0.8705064155506127,-0.0034732625947511164,PARKS_WITH._COUNT_IN_RADIO_0.3km
890,19,36,0.8763105368354719,0.006667522698483462,bathrooms
891,19,37,0.8869298330454306,0.012118188431588493,CULTURAL_S._COUNT_IN_RADIO_1km
892,19,38,0.8866721770420747,-0.00029050325488682026,sqft_above
893,19,39,0.8884016735915184,0.001950547896081887,CULTURAL_S._COUNT_IN_RADIO_0.3km
894,19,40,0.8925531860898469,0.004673012919421061,PARKS_WITH._COUNT_IN_RADIO_1km
895,19,41,0.8893239791587494,-0.0036179434250234762,PICNIC_SIT._COUNT_IN_RADIO_1km
896,19,42,0.8893621733834453,4.2947480997863136e-05,bedrooms
897,19,43,0.8979232981048217,0.009626139920935665,yr_built
898,19,44,0.9023211388926572,0.004897791155567115,waterfront
899,19,45,0.9063814887986826,0.004499894473278511,yr_renovated
900,20,1,0.038781048133243234,-0.22437903733513537,PUBLIC_ART._COUNT_IN_RADIO_0.3km
901,20,2,0.1176998408743356,2.03498349167729,sqft_basement
902,20,3,0.24350397815896174,1.068855627586984,floors
903,20,4,0.49469329456371713,1.0315614484161593,PARKS_WITH._COUNT_IN_RADIO_1km
904,20,5,0.5648420826076122,0.1418025851871735,sqft_lot
905,20,6,0.573374831958045,0.015106433484985892,condition
906,20,7,0.6807833675337644,0.18732691005798946,bathrooms
907,20,8,0.6982078012494661,0.025594681871891487,WADING_POO._COUNT_IN_RADIO_0.3km
908,20,9,0.6955071582146994,-0.003867964565755068,SWIMMING_B._COUNT_IN_RADIO_0.3km
909,20,10,0.7057358596430535,0.014706824088784626,PARKS_WITH._COUNT_IN_RADIO_0.3km
910,20,11,0.710764450247806,0.007125315422254193,GOLF_COURS._COUNT_IN_RADIO_1km
911,20,12,0.7012577668521996,-0.013375293871678393,Unnamed: 0
912,20,13,0.7086597803622505,0.01055533907777874,PARKS_WITH.name_COUNT_IN_RADIO_0.3km
913,20,14,0.7179746329601026,0.013144322361698716,WATER_FOUN._COUNT_IN_RADIO_1km
914,20,15,0.7141439751112488,-0.005335366561713319,BASKETBALL._COUNT_IN_RADIO_0.3km
915,20,16,0.7339228195361893,0.027695878022158425,PUBLIC_ART._COUNT_IN_RADIO_1km
916,20,17,0.7453618779397736,0.015586187129068039,PLAY_AREAS._COUNT_IN_RADIO_1km
917,20,18,0.74343199874691,-0.0025891841935864594,PICNIC_TAB._COUNT_IN_RADIO_1km
918,20,19,0.7719565267421948,0.03836871165535553,id
919,20,20,0.805601098685268,0.04358350603635635,waterfront
920,20,21,0.8040348405407793,-0.0019442105367591309,FOOTBALL_F._COUNT_IN_RADIO_0.3km
921,20,22,0.8078731754545134,0.004773841530489515,yr_renovated
922,20,23,0.8026871371631318,-0.00641937181348292,PICNIC_TAB._COUNT_IN_RADIO_0.3km
923,20,24,0.8662814933956569,0.0792268285963584,sqft_living
924,20,25,0.8606225396752436,-0.006532465213162111,sqft_lot15
925,20,26,0.8708519778087899,0.011886091360570627,sqft_above
926,20,27,0.882642578682498,0.01353915610707485,view
927,20,28,0.8783339285099844,-0.0048815344699833264,SWIMMING_B._COUNT_IN_RADIO_1km
928,20,29,0.875910500139796,-0.0027591196144495025,PUBLIC_RES._COUNT_IN_RADIO_0.3km
929,20,30,0.8808014183809997,0.005583810492536733,sqft_living15
930,20,31,0.8859632249043898,0.005860352192527196,WATER_FOUN._COUNT_IN_RADIO_0.3km
931,20,32,0.8845623009102428,-0.001581243955468043,WADING_POO._COUNT_IN_RADIO_1km
932,20,33,0.8829207064514647,-0.0018558268389788283,PUBLIC_RES._COUNT_IN_RADIO_1km
933,20,34,0.8961915965473753,0.015030670363647391,CULTURAL_S._COUNT_IN_RADIO_1km
934,20,35,0.8972202760842521,0.0011478343926006882,bedrooms
935,20,36,0.8980221907964653,0.000893776850109698,PARKS_WITH.name_COUNT_IN_RADIO_1km
936,20,37,0.8910553869021935,-0.007757941803300876,PICNIC_SIT._COUNT_IN_RADIO_1km
937,20,38,0.9014775398936453,0.01169641432468637,BASKETBALL._COUNT_IN_RADIO_1km
938,20,39,0.894204778180246,-0.008067601677860246,FOOTBALL_F._COUNT_IN_RADIO_1km
939,20,40,0.8930222371564376,-0.0013224499048360824,PLAY_AREAS._COUNT_IN_RADIO_0.3km
940,20,41,0.9084479408523758,0.017273594154896692,grade
941,20,42,0.9082231470103466,-0.00024744823772543986,GOLF_COURS._COUNT_IN_RADIO_0.3km
942,20,43,0.9049223360597686,-0.003634361182539195,CULTURAL_S._COUNT_IN_RADIO_0.3km
943,20,44,0.9049708308844867,5.359004058767553e-05,PICNIC_SIT._COUNT_IN_RADIO_0.3km
944,20,45,0.9069182950983848,0.002151963519083536,yr_built
945,21,1,0.01522420899940613,-0.6955158200118774,BASKETBALL._COUNT_IN_RADIO_0.3km
946,21,2,0.054935681663984104,2.6084424265409814,PARKS_WITH.name_COUNT_IN_RADIO_0.3km
947,21,3,0.13728525427019878,1.49901794447384,CULTURAL_S._COUNT_IN_RADIO_0.3km
948,21,4,0.1590907630813787,0.15883358287164104,FOOTBALL_F._COUNT_IN_RADIO_0.3km
949,21,5,0.08799828500806117,-0.4468674151556621,condition
950,21,6,0.1863121278044072,1.1172245321296874,PICNIC_TAB._COUNT_IN_RADIO_0.3km
951,21,7,0.16661709390677382,-0.10570988657436985,PICNIC_SIT._COUNT_IN_RADIO_0.3km
952,21,8,0.39732135991774986,1.3846374378613309,PUBLIC_RES._COUNT_IN_RADIO_1km
953,21,9,0.4041013159360137,0.0170641619158542,WADING_POO._COUNT_IN_RADIO_1km
954,21,10,0.41404719504135623,0.024612340304571923,PARKS_WITH._COUNT_IN_RADIO_0.3km
955,21,11,0.43411255234774004,0.048461522132470014,waterfront
956,21,12,0.6834566848449447,0.574376693667846,grade
957,21,13,0.7036719633688127,0.029577995170907104,floors
958,21,14,0.6815393752637595,-0.031452991247646,GOLF_COURS._COUNT_IN_RADIO_1km
959,21,15,0.728661464269311,0.06914066995368386,Unnamed: 0
960,21,16,0.7138487346734943,-0.020328685297871,PARKS_WITH._COUNT_IN_RADIO_1km
961,21,17,0.763968377995102,0.07021045340163247,SWIMMING_B._COUNT_IN_RADIO_1km
962,21,18,0.750582846588524,-0.01752105426366713,SWIMMING_B._COUNT_IN_RADIO_0.3km
963,21,19,0.7421919376688989,-0.011179190888471099,GOLF_COURS._COUNT_IN_RADIO_0.3km
964,21,20,0.7619024264890542,0.026557131410053586,PLAY_AREAS._COUNT_IN_RADIO_0.3km
965,21,21,0.7764793151423368,0.019132225002163158,view
966,21,22,0.792145186190264,0.02017551625963847,CULTURAL_S._COUNT_IN_RADIO_1km
967,21,23,0.8650110219750168,0.09198545551377155,sqft_above
968,21,24,0.8451418790661943,-0.022969814723813226,PARKS_WITH.name_COUNT_IN_RADIO_1km
969,21,25,0.8430999974446375,-0.0024160222941654774,WATER_FOUN._COUNT_IN_RADIO_0.3km
970,21,26,0.8460751258083257,0.0035287965516611775,FOOTBALL_F._COUNT_IN_RADIO_1km
971,21,27,0.8428965112475617,-0.003756893996531532,BASKETBALL._COUNT_IN_RADIO_1km
972,21,28,0.8650679492605904,0.02630386733979119,sqft_living15
973,21,29,0.8729415853795965,0.009101754521984175,PUBLIC_ART._COUNT_IN_RADIO_1km
974,21,30,0.9053735874100054,0.03715254556959373,sqft_living
975,21,31,0.8987739694318512,-0.00728938646977067,yr_renovated
976,21,32,0.9056495038458372,0.007649903811001906,WADING_POO._COUNT_IN_RADIO_0.3km
977,21,33,0.9001578547329058,-0.006063768698167627,PUBLIC_ART._COUNT_IN_RADIO_0.3km
978,21,34,0.8957317835935709,-0.004916994409439675,PICNIC_TAB._COUNT_IN_RADIO_1km
979,21,35,0.8974800454151647,0.0019517693282915566,sqft_basement
980,21,36,0.9026206126918126,0.0057277789104157074,PLAY_AREAS._COUNT_IN_RADIO_1km
981,21,37,0.908052556889677,0.006017970475618948,yr_built
982,21,38,0.9029091165010297,-0.005664254067259053,sqft_lot15
983,21,39,0.903218974919855,0.00034317786049843933,PUBLIC_RES._COUNT_IN_RADIO_0.3km
984,21,40,0.904565355218719,0.0014906466053632031,sqft_lot
985,21,41,0.9058279756959738,0.0013958311248274589,bathrooms
986,21,42,0.9034396341379995,-0.002636639209712266,PICNIC_SIT._COUNT_IN_RADIO_1km
987,21,43,0.9030540573680923,-0.0004267875299439776,id
988,21,44,0.9061902794287082,0.003472906228621896,bedrooms
989,21,45,0.9064901762212964,0.0003309424073464931,WATER_FOUN._COUNT_IN_RADIO_1km
990,22,1,0.04376007421378769,-0.12479851572424622,PARKS_WITH._COUNT_IN_RADIO_0.3km
991,22,2,0.08464133571155685,0.934213714950431,FOOTBALL_F._COUNT_IN_RADIO_0.3km
992,22,3,0.14195681057130294,0.677157022368685,PARKS_WITH.name_COUNT_IN_RADIO_0.3km
993,22,4,0.21590887906977885,0.5209476614813828,sqft_lot15
994,22,5,0.2188734288905939,0.013730560010257674,PICNIC_SIT._COUNT_IN_RADIO_0.3km
995,22,6,0.3494931127698391,0.5967818229070497,PARKS_WITH.name_COUNT_IN_RADIO_1km
996,22,7,0.37271256847025536,0.0664375200884362,PICNIC_TAB._COUNT_IN_RADIO_0.3km
997,22,8,0.4732789674257878,0.2698229345157117,PLAY_AREAS._COUNT_IN_RADIO_1km
998,22,9,0.4827950602772515,0.020106730927052813,Unnamed: 0
999,22,10,0.49923416629716477,0.03404986374647847,yr_renovated
1000,22,11,0.5706714022323796,0.1430936437405055,floors
1001,22,12,0.6114046029382362,0.07137767995121982,id
1002,22,13,0.6892133065327186,0.1272622142858526,sqft_basement
1003,22,14,0.8207861831086111,0.19090298363188432,sqft_above
1004,22,15,0.8138977216361529,-0.008392516363237344,FOOTBALL_F._COUNT_IN_RADIO_1km
1005,22,16,0.8380600546217651,0.029687185924343707,grade
1006,22,17,0.8517775477391724,0.01636815051828025,CULTURAL_S._COUNT_IN_RADIO_1km
1007,22,18,0.8531528238052343,0.0016145953479429415,sqft_living
1008,22,19,0.8617089319214593,0.010028810639180688,PUBLIC_ART._COUNT_IN_RADIO_1km
1009,22,20,0.8566643772400668,-0.005854128342552923,BASKETBALL._COUNT_IN_RADIO_1km
1010,22,21,0.8638056280557116,0.008336112724392575,WADING_POO._COUNT_IN_RADIO_0.3km
1011,22,22,0.8624832336782452,-0.001530893449308607,PUBLIC_RES._COUNT_IN_RADIO_0.3km
1012,22,23,0.855720549479508,-0.007840945695716584,PUBLIC_RES._COUNT_IN_RADIO_1km
1013,22,24,0.854112621737896,-0.0018790336899003127,PARKS_WITH._COUNT_IN_RADIO_1km
1014,22,25,0.8515133589708734,-0.0030432318887101593,PICNIC_SIT._COUNT_IN_RADIO_1km
1015,22,26,0.8589648416435948,0.008750869959018711,SWIMMING_B._COUNT_IN_RADIO_1km
1016,22,27,0.853269061288828,-0.006630981943181939,WATER_FOUN._COUNT_IN_RADIO_0.3km
1017,22,28,0.8646602343016819,0.013350036383187353,sqft_living15
1018,22,29,0.8635594246052398,-0.0012731124351186844,GOLF_COURS._COUNT_IN_RADIO_0.3km
1019,22,30,0.8620905919453128,-0.0017009051352759915,WATER_FOUN._COUNT_IN_RADIO_1km
1020,22,31,0.8547213589984393,-0.008548095775230313,PUBLIC_ART._COUNT_IN_RADIO_0.3km
1021,22,32,0.859378359351402,0.005448559701865712,bedrooms
1022,22,33,0.856635789151994,-0.003191341938698507,BASKETBALL._COUNT_IN_RADIO_0.3km
1023,22,34,0.8615606631543353,0.005749087377281514,WADING_POO._COUNT_IN_RADIO_1km
1024,22,35,0.8629699256533891,0.0016357089631904107,PICNIC_TAB._COUNT_IN_RADIO_1km
1025,22,36,0.8632729533799447,0.00035114517614981167,condition
1026,22,37,0.864143757259989,0.001008723691197455,sqft_lot
1027,22,38,0.8677103411149949,0.004127303848510939,PLAY_AREAS._COUNT_IN_RADIO_0.3km
1028,22,39,0.865572394000693,-0.002463894934748271,bathrooms
1029,22,40,0.86580864066424,0.0002729369203367373,SWIMMING_B._COUNT_IN_RADIO_0.3km
1030,22,41,0.8975449793870577,0.03665514206288108,waterfront
1031,22,42,0.9048610673272681,0.008151221507814199,view
1032,22,43,0.9054632692031719,0.000665518605726419,GOLF_COURS._COUNT_IN_RADIO_1km
1033,22,44,0.9091840800949302,0.004109289706508747,yr_built
1034,22,45,0.9037614744353593,-0.005964254960342893,CULTURAL_S._COUNT_IN_RADIO_0.3km
1035,23,1,0.06293707316977015,0.258741463395403,GOLF_COURS._COUNT_IN_RADIO_1km
1036,23,2,0.19369213732507062,2.0775523482414586,PICNIC_SIT._COUNT_IN_RADIO_1km
1037,23,3,0.2852179249861403,0.4725322820278621,PUBLIC_ART._COUNT_IN_RADIO_0.3km
1038,23,4,0.31166816816066945,0.09273695955755397,WATER_FOUN._COUNT_IN_RADIO_0.3km
1039,23,5,0.3164286945631344,0.015274342678495216,WADING_POO._COUNT_IN_RADIO_0.3km
1040,23,6,0.6213780175672489,0.9637220904543171,grade
1041,23,7,0.6663466034813237,0.07236912900480597,SWIMMING_B._COUNT_IN_RADIO_1km
1042,23,8,0.7010994452180199,0.0521543016128997,waterfront
1043,23,9,0.7053925008698414,0.006123319139821128,PARKS_WITH._COUNT_IN_RADIO_0.3km
1044,23,10,0.6987608546183983,-0.009401356327527427,WATER_FOUN._COUNT_IN_RADIO_1km
1045,23,11,0.7828625982723943,0.12035840745533034,sqft_living15
1046,23,12,0.778348532794592,-0.005766101852054064,BASKETBALL._COUNT_IN_RADIO_1km
1047,23,13,0.7836389376309296,0.006796961275616268,PICNIC_TAB._COUNT_IN_RADIO_0.3km
1048,23,14,0.7648801181975636,-0.023938090021505327,BASKETBALL._COUNT_IN_RADIO_0.3km
1049,23,15,0.8622721408003001,0.12732978709427084,sqft_living
1050,23,16,0.8599767199307409,-0.002662060805337863,yr_renovated
1051,23,17,0.8536926935409016,-0.007307205234980501,PARKS_WITH.name_COUNT_IN_RADIO_1km
1052,23,18,0.8569318309357437,0.0037942662732732635,PUBLIC_RES._COUNT_IN_RADIO_1km
1053,23,19,0.8584861222624034,0.001813786430319085,FOOTBALL_F._COUNT_IN_RADIO_1km
1054,23,20,0.8546880968366954,-0.004424096473101814,FOOTBALL_F._COUNT_IN_RADIO_0.3km
1055,23,21,0.8606433040622679,0.006967696458641881,yr_built
1056,23,22,0.8713890102290394,0.012485667542001873,sqft_lot15
1057,23,23,0.8711100722129674,-0.000320107337592668,PARKS_WITH.name_COUNT_IN_RADIO_0.3km
1058,23,24,0.8649518237489968,-0.007069426310645458,CULTURAL_S._COUNT_IN_RADIO_0.3km
1059,23,25,0.87107796135812,0.007082634478496616,sqft_lot
1060,23,26,0.8717073589997697,0.0007225502992503672,Unnamed: 0
1061,23,27,0.8826843417320961,0.01259250896415719,view
1062,23,28,0.8831222724784984,0.0004961351705219449,GOLF_COURS._COUNT_IN_RADIO_0.3km
1063,23,29,0.8854337127497032,0.002617350216655368,SWIMMING_B._COUNT_IN_RADIO_0.3km
1064,23,30,0.8923625788402907,0.007825392223964467,CULTURAL_S._COUNT_IN_RADIO_1km
1065,23,31,0.9021655437527547,0.01098540564666427,sqft_above
1066,23,32,0.903986987291795,0.002018968194532961,PUBLIC_ART._COUNT_IN_RADIO_1km
1067,23,33,0.904018639385157,3.5013881623232994e-05,sqft_basement
1068,23,34,0.9054533260609375,0.001587010060717628,id
1069,23,35,0.9079942140188665,0.00280620533913412,bedrooms
1070,23,36,0.9045883211467444,-0.0037510072416071035,bathrooms
1071,23,37,0.9037483712898022,-0.0009285437776571474,PLAY_AREAS._COUNT_IN_RADIO_1km
1072,23,38,0.9067325456246207,0.0033019969159773246,PICNIC_SIT._COUNT_IN_RADIO_0.3km
1073,23,39,0.9021116075075089,-0.0050962526264330945,PUBLIC_RES._COUNT_IN_RADIO_0.3km
1074,23,40,0.907066237833507,0.005492258701434509,WADING_POO._COUNT_IN_RADIO_1km
1075,23,41,0.9016930743319951,-0.005923672690481295,PICNIC_TAB._COUNT_IN_RADIO_1km
1076,23,42,0.9016933678755537,3.2554709238401566e-07,PARKS_WITH._COUNT_IN_RADIO_1km
1077,23,43,0.9041699366994509,0.0027465754014939607,PLAY_AREAS._COUNT_IN_RADIO_0.3km
1078,23,44,0.9018426179093263,-0.002573983822797913,condition
1079,23,45,0.905963691332129,0.004569614854037648,floors
1080,24,1,-0.0010523487765499162,-1.0210469755309983,GOLF_COURS._COUNT_IN_RADIO_0.3km
1081,24,2,0.5470790531559806,-520.8647685509338,sqft_living
1082,24,3,0.5581843077938545,0.020299177191687598,condition
1083,24,4,0.5881308845411555,0.053649979637837915,PUBLIC_RES._COUNT_IN_RADIO_0.3km
1084,24,5,0.7032509101999491,0.19573878652641633,PICNIC_SIT._COUNT_IN_RADIO_1km
1085,24,6,0.721465313225051,0.02590029072258601,bathrooms
1086,24,7,0.7714467942986185,0.06927773263297062,PICNIC_TAB._COUNT_IN_RADIO_1km
1087,24,8,0.7766400221318885,0.0067318029858320855,WATER_FOUN._COUNT_IN_RADIO_0.3km
1088,24,9,0.7761792010551896,-0.0005933522141107534,sqft_lot
1089,24,10,0.7707695608426663,-0.006969576362222784,PUBLIC_ART._COUNT_IN_RADIO_0.3km
1090,24,11,0.780222741449092,0.012264600325018896,PARKS_WITH.name_COUNT_IN_RADIO_0.3km
1091,24,12,0.8078985121351699,0.03547162780038468,grade
1092,24,13,0.8122428957360806,0.005377387797669004,PLAY_AREAS._COUNT_IN_RADIO_0.3km
1093,24,14,0.8140671302555874,0.002245922407057414,PLAY_AREAS._COUNT_IN_RADIO_1km
1094,24,15,0.817009333705133,0.0036142024904282765,FOOTBALL_F._COUNT_IN_RADIO_1km
1095,24,16,0.8077321476489117,-0.011355055167055815,bedrooms
1096,24,17,0.8003591226832489,-0.009128056852910448,PICNIC_SIT._COUNT_IN_RADIO_0.3km
1097,24,18,0.8028008155777557,0.0030507466277399134,WADING_POO._COUNT_IN_RADIO_0.3km
1098,24,19,0.8128936357219181,0.01257201032724263,Unnamed: 0
1099,24,20,0.8081123771898242,-0.005881776313635078,PARKS_WITH._COUNT_IN_RADIO_1km
1100,24,21,0.8200749495027565,0.01480310492772258,yr_built
1101,24,22,0.8295184191819704,0.01151537391178683,sqft_above
1102,24,23,0.8261100560769534,-0.00410884559788097,sqft_lot15
1103,24,24,0.8270976650425493,0.0011954932134416634,sqft_basement
1104,24,25,0.8313617739966499,0.005155508393172893,CULTURAL_S._COUNT_IN_RADIO_0.3km
1105,24,26,0.8702588762029342,0.04678721517263437,view
1106,24,27,0.872152730257099,0.0021761961939739446,SWIMMING_B._COUNT_IN_RADIO_1km
1107,24,28,0.8740725053951065,0.0022011914558147713,SWIMMING_B._COUNT_IN_RADIO_0.3km
1108,24,29,0.8767142917669757,0.0030223881377838516,PICNIC_TAB._COUNT_IN_RADIO_0.3km
1109,24,30,0.8734904523005204,-0.003677183658039646,FOOTBALL_F._COUNT_IN_RADIO_0.3km
1110,24,31,0.871799252128657,-0.0019361404207786986,WATER_FOUN._COUNT_IN_RADIO_1km
1111,24,32,0.8707110194273971,-0.0012482606501471377,WADING_POO._COUNT_IN_RADIO_1km
1112,24,33,0.882000526693375,0.012965848615769403,id
1113,24,34,0.8822163150022598,0.0002446578004820391,BASKETBALL._COUNT_IN_RADIO_0.3km
1114,24,35,0.8814898318529125,-0.0008234750786097754,PARKS_WITH.name_COUNT_IN_RADIO_1km
1115,24,36,0.8849091105378928,0.003878976888244825,yr_renovated
1116,24,37,0.8852330372225343,0.00036605644668370627,floors
1117,24,38,0.8957307573085657,0.01185870798379655,waterfront
1118,24,39,0.9016764976320443,0.006637865536005472,sqft_living15
1119,24,40,0.8995532425251035,-0.0023547859043867828,PUBLIC_RES._COUNT_IN_RADIO_1km
1120,24,41,0.9035911126835496,0.004488750601478112,CULTURAL_S._COUNT_IN_RADIO_1km
1121,24,42,0.9057295585674637,0.0023666079202164657,PARKS_WITH._COUNT_IN_RADIO_0.3km
1122,24,43,0.9044685202759025,-0.0013922900932544565,BASKETBALL._COUNT_IN_RADIO_1km
1123,24,44,0.8982275864028393,-0.006900111759732089,GOLF_COURS._COUNT_IN_RADIO_1km
1124,24,45,0.905045252999943,0.007590132723942077,PUBLIC_ART._COUNT_IN_RADIO_1km
1125,25,1,0.07961918297336035,0.5923836594672068,PICNIC_SIT._COUNT_IN_RADIO_1km
1126,25,2,0.20936068806824049,1.629525702848397,bedrooms
1127,25,3,0.32874672722294895,0.5702409571552179,sqft_lot15
1128,25,4,0.4149929743422536,0.2623486105789101,PLAY_AREAS._COUNT_IN_RADIO_0.3km
1129,25,5,0.4287169325782607,0.0330703387394908,WADING_POO._COUNT_IN_RADIO_0.3km
1130,25,6,0.6034545135355684,0.40758264411543865,bathrooms
1131,25,7,0.6609013838127787,0.09519668672396846,WADING_POO._COUNT_IN_RADIO_1km
1132,25,8,0.6591053010907661,-0.002717625906078282,yr_renovated
1133,25,9,0.7223930401533081,0.09602067978789705,view
1134,25,10,0.8263658701971941,0.14392833854243758,sqft_living
1135,25,11,0.8341508184328303,0.009420703971932601,sqft_basement
1136,25,12,0.8357200373805742,0.0018812172967618175,PARKS_WITH.name_COUNT_IN_RADIO_0.3km
1137,25,13,0.8413296525083673,0.006712313785577679,WATER_FOUN._COUNT_IN_RADIO_1km
1138,25,14,0.8437532295312363,0.002880650902584099,PICNIC_SIT._COUNT_IN_RADIO_0.3km
1139,25,15,0.8447612898959513,0.0011947336370790082,PICNIC_TAB._COUNT_IN_RADIO_1km
1140,25,16,0.8436960401760659,-0.0012610067869192082,PARKS_WITH._COUNT_IN_RADIO_1km
1141,25,17,0.8441589396769857,0.0005486567186249002,GOLF_COURS._COUNT_IN_RADIO_0.3km
1142,25,18,0.851281075575824,0.008436960818733394,BASKETBALL._COUNT_IN_RADIO_0.3km
1143,25,19,0.8488929240573145,-0.002805361926898314,GOLF_COURS._COUNT_IN_RADIO_1km
1144,25,20,0.8575291090948556,0.010173468046198435,grade
1145,25,21,0.8631254952100369,0.0065261762613381714,PUBLIC_ART._COUNT_IN_RADIO_1km
1146,25,22,0.8600373814085688,-0.003577827116225598,sqft_lot
1147,25,23,0.8569796886163072,-0.003555302197741274,FOOTBALL_F._COUNT_IN_RADIO_0.3km
1148,25,24,0.8549411660464147,-0.002378729154227675,PUBLIC_ART._COUNT_IN_RADIO_0.3km
1149,25,25,0.8784574336577545,0.027506299316581453,CULTURAL_S._COUNT_IN_RADIO_1km
1150,25,26,0.8939763850806325,0.017666139335015422,waterfront
1151,25,27,0.8932909422689026,-0.0007667348077299183,condition
1152,25,28,0.8976992619282763,0.004934920361082877,SWIMMING_B._COUNT_IN_RADIO_0.3km
1153,25,29,0.8897890250971948,-0.00881167799346314,SWIMMING_B._COUNT_IN_RADIO_1km
1154,25,30,0.8971259131892647,0.008245649120327663,Unnamed: 0
1155,25,31,0.9006490549457451,0.003927143007112221,FOOTBALL_F._COUNT_IN_RADIO_1km
1156,25,32,0.900031870758603,-0.0006852660131634197,CULTURAL_S._COUNT_IN_RADIO_0.3km
1157,25,33,0.8994909399286225,-0.0006010129724901781,PLAY_AREAS._COUNT_IN_RADIO_1km
1158,25,34,0.898467294898422,-0.0011380270603745049,WATER_FOUN._COUNT_IN_RADIO_0.3km
1159,25,35,0.9023578528910773,0.004330216597472373,PUBLIC_RES._COUNT_IN_RADIO_1km
1160,25,36,0.9028580802719681,0.0005543558791982061,sqft_living15
1161,25,37,0.9040857548102859,0.0013597646907561852,PARKS_WITH._COUNT_IN_RADIO_0.3km
1162,25,38,0.9041149950516731,3.2342331722084016e-05,floors
1163,25,39,0.9053680134180664,0.001385905966886026,PUBLIC_RES._COUNT_IN_RADIO_0.3km
1164,25,40,0.9072799349345494,0.0021117617235723455,yr_built
1165,25,41,0.9077948087507586,0.0005674916818769119,PICNIC_TAB._COUNT_IN_RADIO_0.3km
1166,25,42,0.9031053566926597,-0.005165762144588799,PARKS_WITH.name_COUNT_IN_RADIO_1km
1167,25,43,0.9081805764298851,0.005619742701794914,sqft_above
1168,25,44,0.9053127741865651,-0.003157744525426399,BASKETBALL._COUNT_IN_RADIO_1km
1169,25,45,0.9069216723650095,0.001777173839052549,id
1170,26,1,-0.0010523487765499162,-1.0210469755309983,GOLF_COURS._COUNT_IN_RADIO_0.3km
1171,26,2,0.12066863748422574,-115.66601204197062,bedrooms
1172,26,3,0.22902588254738598,0.8979735523849361,PARKS_WITH._COUNT_IN_RADIO_1km
1173,26,4,0.33968258529687456,0.4831624335148821,PUBLIC_ART._COUNT_IN_RADIO_1km
1174,26,5,0.5042555185969402,0.4844903460571367,sqft_lot15
1175,26,6,0.5406047870582295,0.07208501864774602,PUBLIC_RES._COUNT_IN_RADIO_1km
1176,26,7,0.5300926755006958,-0.019445095214077977,SWIMMING_B._COUNT_IN_RADIO_0.3km
1177,26,8,0.669280140551966,0.2625719454052097,grade
1178,26,9,0.6860279381540408,0.025023598620844495,PICNIC_TAB._COUNT_IN_RADIO_0.3km
1179,26,10,0.6601088444141561,-0.03778139678921486,WATER_FOUN._COUNT_IN_RADIO_1km
1180,26,11,0.8028743689006808,0.21627573345609163,sqft_living
1181,26,12,0.8163441182830796,0.01677690794992253,yr_renovated
1182,26,13,0.8120358091491677,-0.005277564984449267,CULTURAL_S._COUNT_IN_RADIO_0.3km
1183,26,14,0.8214302766473318,0.011569031060351129,BASKETBALL._COUNT_IN_RADIO_1km
1184,26,15,0.8205596897707517,-0.0010598426930809627,PARKS_WITH._COUNT_IN_RADIO_0.3km
1185,26,16,0.827908860215343,0.008956289878978329,GOLF_COURS._COUNT_IN_RADIO_1km
1186,26,17,0.824216499905396,-0.0044598632619858875,PICNIC_SIT._COUNT_IN_RADIO_0.3km
1187,26,18,0.8556573764140494,0.03814638085049516,view
1188,26,19,0.8560898917067639,0.000505477197575392,PLAY_AREAS._COUNT_IN_RADIO_0.3km
1189,26,20,0.8582528408045765,0.002526544371993994,Unnamed: 0
1190,26,21,0.8619021789465199,0.00425205483563823,sqft_living15
1191,26,22,0.8651532484210869,0.0037719703627396416,sqft_above
1192,26,23,0.8600780040644067,-0.005866295209481713,BASKETBALL._COUNT_IN_RADIO_0.3km
1193,26,24,0.8752212430624733,0.017606820458731996,id
1194,26,25,0.8860560837147945,0.012379544873030257,yr_built
1195,26,26,0.8841896530015075,-0.0021064476025738003,PUBLIC_ART._COUNT_IN_RADIO_0.3km
1196,26,27,0.8854057328194949,0.001375360833345165,PUBLIC_RES._COUNT_IN_RADIO_0.3km
1197,26,28,0.8864333798670522,0.0011606509981416794,FOOTBALL_F._COUNT_IN_RADIO_1km
1198,26,29,0.8876194069832295,0.0013379765960022908,PLAY_AREAS._COUNT_IN_RADIO_1km
1199,26,30,0.88674548230447,-0.0009845713961231304,floors
1200,26,31,0.886728889437919,-1.8712095953235774e-05,sqft_lot
1201,26,32,0.9010089035511082,0.016104148949337795,waterfront
1202,26,33,0.9017713896718302,0.0008462581420859394,PICNIC_TAB._COUNT_IN_RADIO_1km
1203,26,34,0.9012906554034206,-0.0005330999341026036,PARKS_WITH.name_COUNT_IN_RADIO_0.3km
1204,26,35,0.8977969547363911,-0.003876330733137008,SWIMMING_B._COUNT_IN_RADIO_1km
1205,26,36,0.9022064059164371,0.004911412493419159,CULTURAL_S._COUNT_IN_RADIO_1km
1206,26,37,0.9035277788460482,0.0014646015822386922,FOOTBALL_F._COUNT_IN_RADIO_0.3km
1207,26,38,0.9017275718796431,-0.0019924201652152798,bathrooms
1208,26,39,0.9053895292737023,0.004061046271908765,PICNIC_SIT._COUNT_IN_RADIO_1km
1209,26,40,0.9066983913341385,0.0014456341918226005,WADING_POO._COUNT_IN_RADIO_0.3km
1210,26,41,0.9038897955708044,-0.0030976075287852947,sqft_basement
1211,26,42,0.9066593019885734,0.0030639868171318673,WADING_POO._COUNT_IN_RADIO_1km
1212,26,43,0.9027032154145903,-0.004363366222908847,PARKS_WITH.name_COUNT_IN_RADIO_1km
1213,26,44,0.9040593940177444,0.001502352689118546,WATER_FOUN._COUNT_IN_RADIO_0.3km
1214,26,45,0.9051607111846462,0.0012181911655245248,condition
1215,27,1,0.4163688330391673,7.3273766607833455,sqft_above
1216,27,2,0.5136925762188205,0.23374406405317585,PUBLIC_ART._COUNT_IN_RADIO_0.3km
1217,27,3,0.5554484207159898,0.08128566856956547,PICNIC_TAB._COUNT_IN_RADIO_0.3km
1218,27,4,0.5607031717489477,0.009460376223924417,GOLF_COURS._COUNT_IN_RADIO_0.3km
1219,27,5,0.5671166884424573,0.011438345664256862,BASKETBALL._COUNT_IN_RADIO_0.3km
1220,27,6,0.5921593915729944,0.04415793723036946,sqft_lot15
1221,27,7,0.6767754611345844,0.14289407677351615,PICNIC_TAB._COUNT_IN_RADIO_1km
1222,27,8,0.7488767204440372,0.10653645625474979,waterfront
1223,27,9,0.7449504818069786,-0.005242837078351866,FOOTBALL_F._COUNT_IN_RADIO_0.3km
1224,27,10,0.7590409103940087,0.018914584165180718,FOOTBALL_F._COUNT_IN_RADIO_1km
1225,27,11,0.7519702344387126,-0.009315276500216295,SWIMMING_B._COUNT_IN_RADIO_0.3km
1226,27,12,0.826076441687165,0.09854938913076385,sqft_basement
1227,27,13,0.8324240256364708,0.007684015218181975,PUBLIC_ART._COUNT_IN_RADIO_1km
1228,27,14,0.837379535969626,0.005953108248366861,GOLF_COURS._COUNT_IN_RADIO_1km
1229,27,15,0.8386082093092573,0.0014672836949717963,PARKS_WITH.name_COUNT_IN_RADIO_1km
1230,27,16,0.8472834023517513,0.010344750917284174,BASKETBALL._COUNT_IN_RADIO_1km
1231,27,17,0.8495744131359914,0.0027039486172880114,WATER_FOUN._COUNT_IN_RADIO_1km
1232,27,18,0.8551579197739317,0.00657212193730066,PICNIC_SIT._COUNT_IN_RADIO_1km
1233,27,19,0.8567388562315226,0.0018487070294674523,PUBLIC_RES._COUNT_IN_RADIO_1km
1234,27,20,0.8538851168177777,-0.0033309326324913496,floors
1235,27,21,0.8573947357148638,0.0041101769172012465,condition
1236,27,22,0.8652407979058832,0.009151050110516016,view
1237,27,23,0.8639412850359628,-0.0015019089172234289,PICNIC_SIT._COUNT_IN_RADIO_0.3km
1238,27,24,0.8699193176528498,0.006919489461182728,sqft_living
1239,27,25,0.8655735961044413,-0.004995545518099087,PARKS_WITH._COUNT_IN_RADIO_1km
1240,27,26,0.8714079222302862,0.006740416010958025,WADING_POO._COUNT_IN_RADIO_1km
1241,27,27,0.8663160927189387,-0.00584322150562437,yr_renovated
1242,27,28,0.8741626575142828,0.009057392401331913,PARKS_WITH._COUNT_IN_RADIO_0.3km
1243,27,29,0.8730111120427673,-0.001317312586641474,CULTURAL_S._COUNT_IN_RADIO_0.3km
1244,27,30,0.87779791237473,0.005483092100353785,sqft_lot
1245,27,31,0.8750739785233611,-0.003103144599649139,WADING_POO._COUNT_IN_RADIO_0.3km
1246,27,32,0.8752851065344472,0.0002412687570054405,bathrooms
1247,27,33,0.8769073094015915,0.0018533422481813522,WATER_FOUN._COUNT_IN_RADIO_0.3km
1248,27,34,0.879704550414784,0.003189893599018377,id
1249,27,35,0.8976449707124956,0.020393688186849338,grade
1250,27,36,0.8919956261201534,-0.0062935177900658515,PLAY_AREAS._COUNT_IN_RADIO_0.3km
1251,27,37,0.8932657505198416,0.0014239132597687453,PLAY_AREAS._COUNT_IN_RADIO_1km
1252,27,38,0.8963591305741613,0.0034630008511123173,yr_built
1253,27,39,0.8941857010319689,-0.0024247307446962295,PUBLIC_RES._COUNT_IN_RADIO_0.3km
1254,27,40,0.8967119755068372,0.002825223521191139,SWIMMING_B._COUNT_IN_RADIO_1km
1255,27,41,0.8975376907905279,0.0009208255340004554,PARKS_WITH.name_COUNT_IN_RADIO_0.3km
1256,27,42,0.8971258620788337,-0.0004588428050653544,bedrooms
1257,27,43,0.9067078123224623,0.010680720118161773,CULTURAL_S._COUNT_IN_RADIO_1km
1258,27,44,0.900126614628497,-0.007258344534506807,Unnamed: 0
1259,27,45,0.9051619036090719,0.0055939785567312725,sqft_living15
1260,28,1,0.07961918297336035,0.5923836594672068,PICNIC_SIT._COUNT_IN_RADIO_1km
1261,28,2,0.07975726019442508,0.0017342205220937186,yr_renovated
1262,28,3,0.1559289291076874,0.955043700442792,CULTURAL_S._COUNT_IN_RADIO_0.3km
1263,28,4,0.29713661355207144,0.9055900354889462,bedrooms
1264,28,5,0.4465931811338919,0.5029894020638055,BASKETBALL._COUNT_IN_RADIO_1km
1265,28,6,0.48161806908491667,0.07842683101899858,PUBLIC_RES._COUNT_IN_RADIO_0.3km
1266,28,7,0.4927716381146373,0.02315853524954459,PARKS_WITH.name_COUNT_IN_RADIO_0.3km
1267,28,8,0.4938331397563396,0.002154145165017232,PUBLIC_ART._COUNT_IN_RADIO_0.3km
1268,28,9,0.5504356169418174,0.11461862849748371,id
1269,28,10,0.5596265165507418,0.01669750162605464,WATER_FOUN._COUNT_IN_RADIO_0.3km
1270,28,11,0.5610007678027576,0.002455657856396876,WADING_POO._COUNT_IN_RADIO_1km
1271,28,12,0.6283902017172824,0.12012360371353048,yr_built
1272,28,13,0.6496657301888635,0.03385719321122247,WATER_FOUN._COUNT_IN_RADIO_1km
1273,28,14,0.6377709351544049,-0.01830910032918121,SWIMMING_B._COUNT_IN_RADIO_0.3km
1274,28,15,0.6312104236677268,-0.01028662663200498,FOOTBALL_F._COUNT_IN_RADIO_1km
1275,28,16,0.6906290287964848,0.09413438514449547,sqft_lot15
1276,28,17,0.6944296284874323,0.005503098671613246,PUBLIC_ART._COUNT_IN_RADIO_1km
1277,28,18,0.7290450318865384,0.04984724438457991,sqft_basement
1278,28,19,0.7211152344856036,-0.010876965144958178,PARKS_WITH._COUNT_IN_RADIO_1km
1279,28,20,0.7225665247673785,0.002012563613096021,PARKS_WITH.name_COUNT_IN_RADIO_1km
1280,28,21,0.7245045716332219,0.002682170844362537,PARKS_WITH._COUNT_IN_RADIO_0.3km
1281,28,22,0.7713133231756141,0.06460794503597549,bathrooms
1282,28,23,0.8319599060529431,0.07862768741973476,grade
1283,28,24,0.8250681789238369,-0.008283725067716994,PICNIC_TAB._COUNT_IN_RADIO_0.3km
1284,28,25,0.8287796197804351,0.004498344441594147,BASKETBALL._COUNT_IN_RADIO_0.3km
1285,28,26,0.8273776765570439,-0.001691575407902377,SWIMMING_B._COUNT_IN_RADIO_1km
1286,28,27,0.8310085491298598,0.004388410124775201,sqft_lot
1287,28,28,0.829895410281859,-0.0013395034854531281,GOLF_COURS._COUNT_IN_RADIO_0.3km
1288,28,29,0.8307949597586288,0.0010839311383398658,condition
1289,28,30,0.8227622741270908,-0.00966867400576403,PLAY_AREAS._COUNT_IN_RADIO_1km
1290,28,31,0.8235141225981273,0.0009138100939717493,PUBLIC_RES._COUNT_IN_RADIO_1km
1291,28,32,0.8575145197244547,0.04128696302020738,waterfront
1292,28,33,0.8549665221398622,-0.0029713754414458227,Unnamed: 0
1293,28,34,0.8518027307615115,-0.0037004856873602923,WADING_POO._COUNT_IN_RADIO_0.3km
1294,28,35,0.8526131570177666,0.0009514248158498366,PICNIC_TAB._COUNT_IN_RADIO_1km
1295,28,36,0.8561476682087613,0.004145503927428873,PICNIC_SIT._COUNT_IN_RADIO_0.3km
1296,28,37,0.8649996544455638,0.010339321784666766,view
1297,28,38,0.8594996384317064,-0.006358402556105922,GOLF_COURS._COUNT_IN_RADIO_1km
1298,28,39,0.897905456873277,0.04468392623369588,sqft_living
1299,28,40,0.8946040772239661,-0.0036767564157669623,sqft_above
1300,28,41,0.8961710161065828,0.0017515445351859637,PLAY_AREAS._COUNT_IN_RADIO_0.3km
1301,28,42,0.8997423918514014,0.003985149799124763,floors
1302,28,43,0.8988014487703663,-0.0010457916505400115,FOOTBALL_F._COUNT_IN_RADIO_0.3km
1303,28,44,0.8981632070413168,-0.0007101031378205254,CULTURAL_S._COUNT_IN_RADIO_1km
1304,28,45,0.9060672593878876,0.008800240629548711,sqft_living15
1305,29,1,0.00930099290928521,-0.8139801418142958,condition
1306,29,2,0.019984779209669568,1.1486715885697214,sqft_lot15
1307,29,3,0.15951651498154895,6.981900290615542,WATER_FOUN._COUNT_IN_RADIO_0.3km
1308,29,4,0.260341695530513,0.6320673477641257,view
1309,29,5,0.37967393881984524,0.4583677733455725,PARKS_WITH.name_COUNT_IN_RADIO_1km
1310,29,6,0.5139373089523714,0.3536280908557013,SWIMMING_B._COUNT_IN_RADIO_1km
1311,29,7,0.5178496793888115,0.007612544114408084,WADING_POO._COUNT_IN_RADIO_0.3km
1312,29,8,0.5718471629914506,0.10427250561662828,sqft_lot
1313,29,9,0.5842450146251068,0.02168035873221882,PUBLIC_ART._COUNT_IN_RADIO_0.3km
1314,29,10,0.557647171076598,-0.045525152774432955,PUBLIC_RES._COUNT_IN_RADIO_1km
1315,29,11,0.5457113396656064,-0.021403912778662944,PICNIC_TAB._COUNT_IN_RADIO_1km
1316,29,12,0.5595575365931145,0.025372749146082594,FOOTBALL_F._COUNT_IN_RADIO_0.3km
1317,29,13,0.6156529633055787,0.10024961338918463,PUBLIC_ART._COUNT_IN_RADIO_1km
1318,29,14,0.6069833142388006,-0.01408203904392639,PICNIC_TAB._COUNT_IN_RADIO_0.3km
1319,29,15,0.7778464016236506,0.28149552611528417,grade
1320,29,16,0.8196887597808803,0.05379257147669431,id
1321,29,17,0.815198288484317,-0.005478263844637471,CULTURAL_S._COUNT_IN_RADIO_0.3km
1322,29,18,0.8322965860453133,0.02097440316366082,sqft_basement
1323,29,19,0.8421589846564952,0.011849620407604233,PICNIC_SIT._COUNT_IN_RADIO_1km
1324,29,20,0.8331441946622945,-0.010704380239887479,yr_renovated
1325,29,21,0.8442673276761912,0.013350789797443531,BASKETBALL._COUNT_IN_RADIO_0.3km
1326,29,22,0.8406089573324879,-0.004333189528692072,floors
1327,29,23,0.8448131776444703,0.0050013984211204595,PUBLIC_RES._COUNT_IN_RADIO_0.3km
1328,29,24,0.8428072998261542,-0.0023743448509040907,waterfront
1329,29,25,0.8469186183265475,0.004878123980702705,bathrooms
1330,29,26,0.8521948415061895,0.006229905761273143,BASKETBALL._COUNT_IN_RADIO_1km
1331,29,27,0.860696708080668,0.009976435153552546,yr_built
1332,29,28,0.8610537867619239,0.0004148716707098511,GOLF_COURS._COUNT_IN_RADIO_0.3km
1333,29,29,0.8703083112068187,0.010747905168267553,sqft_above
1334,29,30,0.8690859696595828,-0.0014044925591264496,SWIMMING_B._COUNT_IN_RADIO_0.3km
1335,29,31,0.8769788661762059,0.009081836310986212,CULTURAL_S._COUNT_IN_RADIO_1km
1336,29,32,0.8813194708359305,0.0049494974475844476,sqft_living15
1337,29,33,0.883520017941988,0.002496877896014508,PARKS_WITH._COUNT_IN_RADIO_0.3km
1338,29,34,0.8701774053875012,-0.015101652801898194,PARKS_WITH._COUNT_IN_RADIO_1km
1339,29,35,0.8768144169361118,0.007627193613071441,PARKS_WITH.name_COUNT_IN_RADIO_0.3km
1340,29,36,0.8786989886973879,0.0021493393868470306,Unnamed: 0
1341,29,37,0.879124364704267,0.0004840975264005675,GOLF_COURS._COUNT_IN_RADIO_1km
1342,29,38,0.8721644138216064,-0.007916912739646285,bedrooms
1343,29,39,0.8805538497800711,0.009619099134880248,WATER_FOUN._COUNT_IN_RADIO_1km
1344,29,40,0.9105260002459923,0.034037839336466556,sqft_living
1345,29,41,0.911283840354943,0.0008323102346841332,PICNIC_SIT._COUNT_IN_RADIO_0.3km
1346,29,42,0.9075530902767212,-0.0040939495610596574,PLAY_AREAS._COUNT_IN_RADIO_0.3km
1347,29,43,0.911171419072757,0.003986905928481375,WADING_POO._COUNT_IN_RADIO_1km
1348,29,44,0.9120222904039653,0.0009338213572087161,PLAY_AREAS._COUNT_IN_RADIO_1km
1349,29,45,0.9060067991864306,-0.006595772143760092,FOOTBALL_F._COUNT_IN_RADIO_1km
